Zm00001d025036,Zm00001d025037
Zm00001d025085,Zm00001d025086
Zm00001d025093,Zm00001d025094
Zm00001d025125,Zm00001d025124
Zm00001d023575,Zm00001d023570
Zm00001d025153,Zm00001d025156
Zm00001d025174,Zm00001d025175
Zm00001d025185,Zm00001d025193
Zm00001d025190,Zm00001d025188
Zm00001d025253,Zm00001d025255
Zm00001d023593,Zm00001d023592,Zm00001d023596,Zm00001d023603
Zm00001d025310,Zm00001d025319
Zm00001d025349,Zm00001d025350
Zm00001d025354,Zm00001d025355
Zm00001d025381,Zm00001d025382
Zm00001d025390,Zm00001d025396,Zm00001d025391,Zm00001d025393,Zm00001d025383,Zm00001d025388,Zm00001d025394
Zm00001d025397,Zm00001d025392,Zm00001d025395,Zm00001d025389
Zm00001d025426,Zm00001d025427
Zm00001d025446,Zm00001d025443
Zm00001d023608,Zm00001d023611
Zm00001d025468,Zm00001d025463
Zm00001d025491,Zm00001d025504
Zm00001d025496,Zm00001d025500
Zm00001d025497,Zm00001d025501
Zm00001d025528,Zm00001d025533
Zm00001d025545,Zm00001d025544
Zm00001d023615,Zm00001d023616
Zm00001d025552,Zm00001d025558
Zm00001d025554,Zm00001d025561,Zm00001d025565,Zm00001d025556,Zm00001d025560
Zm00001d025557,Zm00001d025551
Zm00001d025572,Zm00001d025573
Zm00001d025584,Zm00001d025585
Zm00001d025598,Zm00001d025606,Zm00001d025611,Zm00001d025609,Zm00001d025605,Zm00001d025592,Zm00001d025597,Zm00001d025596,Zm00001d025603
Zm00001d025599,Zm00001d025593,Zm00001d025607,Zm00001d025601
Zm00001d025604,Zm00001d025610
Zm00001d025632,Zm00001d025636
Zm00001d025633,Zm00001d025629
Zm00001d025685,Zm00001d025686
Zm00001d025774,Zm00001d025775
Zm00001d025808,Zm00001d025812
Zm00001d025835,Zm00001d025836
Zm00001d025839,Zm00001d025841
Zm00001d025847,Zm00001d025846
Zm00001d025881,Zm00001d025875
Zm00001d025884,Zm00001d025878,Zm00001d025877
Zm00001d025887,Zm00001d025888,Zm00001d025889
Zm00001d025900,Zm00001d025901
Zm00001d025921,Zm00001d025920,Zm00001d025923,Zm00001d025922,Zm00001d025924
Zm00001d026026,Zm00001d026029,Zm00001d026028
Zm00001d026103,Zm00001d026104
Zm00001d026127,Zm00001d026128
Zm00001d026133,Zm00001d026134
Zm00001d026163,Zm00001d026162,Zm00001d026160
Zm00001d026170,Zm00001d026169,Zm00001d026171
Zm00001d026177,Zm00001d026178
Zm00001d026184,Zm00001d026191,Zm00001d026182
Zm00001d026204,Zm00001d026203,Zm00001d026197
Zm00001d026221,Zm00001d026220
Zm00001d026226,Zm00001d026225
Zm00001d026235,Zm00001d026236
Zm00001d026243,Zm00001d026242
Zm00001d026251,Zm00001d026250
Zm00001d026319,Zm00001d026313
Zm00001d026339,Zm00001d026341
Zm00001d026369,Zm00001d026371,Zm00001d026370
Zm00001d026382,Zm00001d026383
Zm00001d023247,Zm00001d023248
Zm00001d026413,Zm00001d026412,Zm00001d026406
Zm00001d026445,Zm00001d026446
Zm00001d026448,Zm00001d026447
Zm00001d026473,Zm00001d026474
Zm00001d026483,Zm00001d026485
Zm00001d026485,Zm00001d026484
Zm00001d026488,Zm00001d026489
Zm00001d026493,Zm00001d026494
Zm00001d026522,Zm00001d026528
Zm00001d023254,Zm00001d023257
Zm00001d023673,Zm00001d023677
Zm00001d026551,Zm00001d026553
Zm00001d026557,Zm00001d026558
Zm00001d026569,Zm00001d026568
Zm00001d026568,Zm00001d026572
Zm00001d026588,Zm00001d026589
Zm00001d026663,Zm00001d026661
Zm00001d026696,Zm00001d026697
Zm00001d023698,Zm00001d023695
Zm00001d023264,Zm00001d023266
Zm00001d023265,Zm00001d023267
Zm00001d023701,Zm00001d023702
Zm00001d023705,Zm00001d023704
Zm00001d023721,Zm00001d023722,Zm00001d023723
Zm00001d023769,Zm00001d023768
Zm00001d023282,Zm00001d023287,Zm00001d023284
Zm00001d023210,Zm00001d023213
Zm00001d023799,Zm00001d023800
Zm00001d023285,Zm00001d023288,Zm00001d023286,Zm00001d023289
Zm00001d023841,Zm00001d023840
Zm00001d023303,Zm00001d023304
Zm00001d023872,Zm00001d023869,Zm00001d023870,Zm00001d023873
Zm00001d023906,Zm00001d023903,Zm00001d023905,Zm00001d023907
Zm00001d023908,Zm00001d023904
Zm00001d023313,Zm00001d023314
Zm00001d023932,Zm00001d023931
Zm00001d023941,Zm00001d023939
Zm00001d023325,Zm00001d023327,Zm00001d023326,Zm00001d023320,Zm00001d023321,Zm00001d023323,Zm00001d023329,Zm00001d023330,Zm00001d023318,Zm00001d023317,Zm00001d023322
Zm00001d024018,Zm00001d024017,Zm00001d024016
Zm00001d023344,Zm00001d023341,Zm00001d023343,Zm00001d023345
Zm00001d023349,Zm00001d023347
Zm00001d024043,Zm00001d024041
Zm00001d023365,Zm00001d023360,Zm00001d023353
Zm00001d023368,Zm00001d023369,Zm00001d023370
Zm00001d023382,Zm00001d023389
Zm00001d023384,Zm00001d023385
Zm00001d024092,Zm00001d024093
Zm00001d023396,Zm00001d023395
Zm00001d023400,Zm00001d023413
Zm00001d023405,Zm00001d023409
Zm00001d023410,Zm00001d023404
Zm00001d023411,Zm00001d023402
Zm00001d023418,Zm00001d023406,Zm00001d023398,Zm00001d023399,Zm00001d023417,Zm00001d023401,Zm00001d023412
Zm00001d023427,Zm00001d023426
Zm00001d023439,Zm00001d023451
Zm00001d024208,Zm00001d024207,Zm00001d024210,Zm00001d024211
Zm00001d023215,Zm00001d023216
Zm00001d024265,Zm00001d024252
Zm00001d023455,Zm00001d023456
Zm00001d024323,Zm00001d024322
Zm00001d024349,Zm00001d024351
Zm00001d024356,Zm00001d024355
Zm00001d023472,Zm00001d023469
Zm00001d023474,Zm00001d023475
Zm00001d024392,Zm00001d024378,Zm00001d024386,Zm00001d024382,Zm00001d024379
Zm00001d023494,Zm00001d023492
Zm00001d024486,Zm00001d024481,Zm00001d024478,Zm00001d024477,Zm00001d024480,Zm00001d024479
Zm00001d023499,Zm00001d023498
Zm00001d024493,Zm00001d024492
Zm00001d024494,Zm00001d024495
Zm00001d024546,Zm00001d024547
Zm00001d023506,Zm00001d023504
Zm00001d024567,Zm00001d024568
Zm00001d024595,Zm00001d024594
Zm00001d024627,Zm00001d024628
Zm00001d024651,Zm00001d024653,Zm00001d024657
Zm00001d024664,Zm00001d024665
Zm00001d024669,Zm00001d024667
Zm00001d024694,Zm00001d024693,Zm00001d024697,Zm00001d024695
Zm00001d024723,Zm00001d024722
Zm00001d024725,Zm00001d024726
Zm00001d024734,Zm00001d024738,Zm00001d024735,Zm00001d024740,Zm00001d024752,Zm00001d024753,Zm00001d024745,Zm00001d024751,Zm00001d024749,Zm00001d024750
Zm00001d024744,Zm00001d024755
Zm00001d023228,Zm00001d023227
Zm00001d024759,Zm00001d024760,Zm00001d024761
Zm00001d024770,Zm00001d024771
Zm00001d023530,Zm00001d023531
Zm00001d024810,Zm00001d024814,Zm00001d024809
Zm00001d024844,Zm00001d024849
Zm00001d024853,Zm00001d024850,Zm00001d024851,Zm00001d024852,Zm00001d024843
Zm00001d024871,Zm00001d024867
Zm00001d024895,Zm00001d024894
Zm00001d024907,Zm00001d024906
Zm00001d023541,Zm00001d023539,Zm00001d023540
Zm00001d024946,Zm00001d024943
Zm00001d024962,Zm00001d024961
Zm00001d024979,Zm00001d024978,Zm00001d024973,Zm00001d024977,Zm00001d024975
Zm00001d023548,Zm00001d023554,Zm00001d023551
Zm00001d025000,Zm00001d024999
Zm00001d025019,Zm00001d025022
Zm00001d030046,Zm00001d030055
Zm00001d030095,Zm00001d030094
Zm00001d030130,Zm00001d030127
Zm00001d030159,Zm00001d030158
Zm00001d027679,Zm00001d027678
Zm00001d030177,Zm00001d030180
Zm00001d027684,Zm00001d027685
Zm00001d027686,Zm00001d027687
Zm00001d030207,Zm00001d030208
Zm00001d030213,Zm00001d030212
Zm00001d030234,Zm00001d030233,Zm00001d030235
Zm00001d030248,Zm00001d030253
Zm00001d030275,Zm00001d030276,Zm00001d030277
Zm00001d030282,Zm00001d030270,Zm00001d030285,Zm00001d030269
Zm00001d027718,Zm00001d027717
Zm00001d030303,Zm00001d030304
Zm00001d030312,Zm00001d030331
Zm00001d030316,Zm00001d030314
Zm00001d027732,Zm00001d027733
Zm00001d027737,Zm00001d027736
Zm00001d030347,Zm00001d030348
Zm00001d027752,Zm00001d027751
Zm00001d030381,Zm00001d030379
Zm00001d030409,Zm00001d030411
Zm00001d027772,Zm00001d027787
Zm00001d030471,Zm00001d030470
Zm00001d027792,Zm00001d027798,Zm00001d027795,Zm00001d027797
Zm00001d030484,Zm00001d030487
Zm00001d030502,Zm00001d030501
Zm00001d030516,Zm00001d030517
Zm00001d030534,Zm00001d030536,Zm00001d030535
Zm00001d030542,Zm00001d030540
Zm00001d030573,Zm00001d030572
Zm00001d030587,Zm00001d030588
Zm00001d030646,Zm00001d030647
Zm00001d030675,Zm00001d030676
Zm00001d030680,Zm00001d030679
Zm00001d027855,Zm00001d027859
Zm00001d030720,Zm00001d030707
Zm00001d027868,Zm00001d027867
Zm00001d030765,Zm00001d030767
Zm00001d030782,Zm00001d030780,Zm00001d030781
Zm00001d030787,Zm00001d030796
Zm00001d030801,Zm00001d030803
Zm00001d030819,Zm00001d030813,Zm00001d030818,Zm00001d030822,Zm00001d030814,Zm00001d030821,Zm00001d030824
Zm00001d030841,Zm00001d030842
Zm00001d030856,Zm00001d030845,Zm00001d030851
Zm00001d030908,Zm00001d030907,Zm00001d030909
Zm00001d027888,Zm00001d027887
Zm00001d030934,Zm00001d030920
Zm00001d030935,Zm00001d030937
Zm00001d030942,Zm00001d030941
Zm00001d030947,Zm00001d030950
Zm00001d030960,Zm00001d030958
Zm00001d030971,Zm00001d030972
Zm00001d027900,Zm00001d027901,Zm00001d027899
Zm00001d027283,Zm00001d027281
Zm00001d031009,Zm00001d031008
Zm00001d031023,Zm00001d031020,Zm00001d031022
Zm00001d031078,Zm00001d031077
Zm00001d027925,Zm00001d027924,Zm00001d027929,Zm00001d027928
Zm00001d031123,Zm00001d031122
Zm00001d031155,Zm00001d031157,Zm00001d031158,Zm00001d031152
Zm00001d031159,Zm00001d031145
Zm00001d027946,Zm00001d027948
Zm00001d027947,Zm00001d027949
Zm00001d031204,Zm00001d031203
Zm00001d031211,Zm00001d031201
Zm00001d031221,Zm00001d031222
Zm00001d027954,Zm00001d027956
Zm00001d027957,Zm00001d027955
Zm00001d031239,Zm00001d031236,Zm00001d031241
Zm00001d031281,Zm00001d031280
Zm00001d031303,Zm00001d031300
Zm00001d031309,Zm00001d031308
Zm00001d031338,Zm00001d031351,Zm00001d031395,Zm00001d031407,Zm00001d031366,Zm00001d031372,Zm00001d031384,Zm00001d031381
Zm00001d031340,Zm00001d031341
Zm00001d031345,Zm00001d031346
Zm00001d031359,Zm00001d031377,Zm00001d031398
Zm00001d031380,Zm00001d031367,Zm00001d031375,Zm00001d031409,Zm00001d031404,Zm00001d031396,Zm00001d031410
Zm00001d031402,Zm00001d031379,Zm00001d031349,Zm00001d031364,Zm00001d031403
Zm00001d031437,Zm00001d031434
Zm00001d031457,Zm00001d031459
Zm00001d027978,Zm00001d027979
Zm00001d031488,Zm00001d031489
Zm00001d031501,Zm00001d031499,Zm00001d031498,Zm00001d031500
Zm00001d031517,Zm00001d031516
Zm00001d031529,Zm00001d031530
Zm00001d031549,Zm00001d031550
Zm00001d027290,Zm00001d027291
Zm00001d031555,Zm00001d031556
Zm00001d031615,Zm00001d031616
Zm00001d031620,Zm00001d031626,Zm00001d031625
Zm00001d027995,Zm00001d027996
Zm00001d031629,Zm00001d031630
Zm00001d031639,Zm00001d031638
Zm00001d031669,Zm00001d031672,Zm00001d031673
Zm00001d031670,Zm00001d031671
Zm00001d028002,Zm00001d028003
Zm00001d031764,Zm00001d031765
Zm00001d031771,Zm00001d031772
Zm00001d031779,Zm00001d031778
Zm00001d028009,Zm00001d028008
Zm00001d031805,Zm00001d031801,Zm00001d031804,Zm00001d031800
Zm00001d031814,Zm00001d031815,Zm00001d031813,Zm00001d031811
Zm00001d031822,Zm00001d031823
Zm00001d031870,Zm00001d031868
Zm00001d031873,Zm00001d031872
Zm00001d031902,Zm00001d031903
Zm00001d031904,Zm00001d031906,Zm00001d031907
Zm00001d031945,Zm00001d031951,Zm00001d031948,Zm00001d031953
Zm00001d031949,Zm00001d031952,Zm00001d031946,Zm00001d031954,Zm00001d031947,Zm00001d031950
Zm00001d031956,Zm00001d031957
Zm00001d031986,Zm00001d031988
Zm00001d031993,Zm00001d031994
Zm00001d032004,Zm00001d032003,Zm00001d032000
Zm00001d032032,Zm00001d032024
Zm00001d032042,Zm00001d032035
Zm00001d032048,Zm00001d032047
Zm00001d032064,Zm00001d032058
Zm00001d032088,Zm00001d032094,Zm00001d032091
Zm00001d028040,Zm00001d028043
Zm00001d032107,Zm00001d032103
Zm00001d032166,Zm00001d032168,Zm00001d032170
Zm00001d032175,Zm00001d032177
Zm00001d032179,Zm00001d032178
Zm00001d032219,Zm00001d032218
Zm00001d032234,Zm00001d032237
Zm00001d028062,Zm00001d028063
Zm00001d028066,Zm00001d028069,Zm00001d028070,Zm00001d028068
Zm00001d032287,Zm00001d032285
Zm00001d032336,Zm00001d032335
Zm00001d032358,Zm00001d032357
Zm00001d032391,Zm00001d032392,Zm00001d032394
Zm00001d032405,Zm00001d032406
Zm00001d032408,Zm00001d032401
Zm00001d032423,Zm00001d032422
Zm00001d032425,Zm00001d032415
Zm00001d032447,Zm00001d032448
Zm00001d032459,Zm00001d032458
Zm00001d032467,Zm00001d032468
Zm00001d032471,Zm00001d032470
Zm00001d032492,Zm00001d032491
Zm00001d032496,Zm00001d032497
Zm00001d032500,Zm00001d032499
Zm00001d032516,Zm00001d032515
Zm00001d032547,Zm00001d032555
Zm00001d032560,Zm00001d032561
Zm00001d032605,Zm00001d032608
Zm00001d032630,Zm00001d032624,Zm00001d032626,Zm00001d032631,Zm00001d032628,Zm00001d032629
Zm00001d032721,Zm00001d032719
Zm00001d032724,Zm00001d032722
Zm00001d032744,Zm00001d032740
Zm00001d032747,Zm00001d032745,Zm00001d032746
Zm00001d032753,Zm00001d032750
Zm00001d032785,Zm00001d032787
Zm00001d032794,Zm00001d032797,Zm00001d032795,Zm00001d032791
Zm00001d032824,Zm00001d032815
Zm00001d032830,Zm00001d032831
Zm00001d032836,Zm00001d032837
Zm00001d032843,Zm00001d032847
Zm00001d032870,Zm00001d032868,Zm00001d032869
Zm00001d032883,Zm00001d032881,Zm00001d032882,Zm00001d032876,Zm00001d032884,Zm00001d032886,Zm00001d032885
Zm00001d028151,Zm00001d028144
Zm00001d032929,Zm00001d032927
Zm00001d032942,Zm00001d032943
Zm00001d032947,Zm00001d032946
Zm00001d032974,Zm00001d032975
Zm00001d032987,Zm00001d032985
Zm00001d033004,Zm00001d032997
Zm00001d033023,Zm00001d033021
Zm00001d033030,Zm00001d033029
Zm00001d033050,Zm00001d033049
Zm00001d033063,Zm00001d033061,Zm00001d033062
Zm00001d033068,Zm00001d033066,Zm00001d033067,Zm00001d033071
Zm00001d028164,Zm00001d028162
Zm00001d033109,Zm00001d033108
Zm00001d028167,Zm00001d028170
Zm00001d033130,Zm00001d033129
Zm00001d033132,Zm00001d033136
Zm00001d033170,Zm00001d033171
Zm00001d033190,Zm00001d033189
Zm00001d033201,Zm00001d033200,Zm00001d033195,Zm00001d033196
Zm00001d033207,Zm00001d033208
Zm00001d033237,Zm00001d033230
Zm00001d033247,Zm00001d033248,Zm00001d033252,Zm00001d033250
Zm00001d033256,Zm00001d033254
Zm00001d033272,Zm00001d033273
Zm00001d033314,Zm00001d033313
Zm00001d033378,Zm00001d033379
Zm00001d033408,Zm00001d033409
Zm00001d033412,Zm00001d033407,Zm00001d033413
Zm00001d033415,Zm00001d033416
Zm00001d033436,Zm00001d033438,Zm00001d033433,Zm00001d033440,Zm00001d033434,Zm00001d033442,Zm00001d033430,Zm00001d033429
Zm00001d033462,Zm00001d033460,Zm00001d033463,Zm00001d033464
Zm00001d033489,Zm00001d033490
Zm00001d033514,Zm00001d033516
Zm00001d033530,Zm00001d033531
Zm00001d033535,Zm00001d033537
Zm00001d033544,Zm00001d033543
Zm00001d033571,Zm00001d033563,Zm00001d033564
Zm00001d033579,Zm00001d033574
Zm00001d033606,Zm00001d033607
Zm00001d033624,Zm00001d033623
Zm00001d033627,Zm00001d033625
Zm00001d033651,Zm00001d033649,Zm00001d033650
Zm00001d033658,Zm00001d033659
Zm00001d033694,Zm00001d033689,Zm00001d033686
Zm00001d033710,Zm00001d033711,Zm00001d033709
Zm00001d033722,Zm00001d033721
Zm00001d033754,Zm00001d033765
Zm00001d033811,Zm00001d033810
Zm00001d033837,Zm00001d033836
Zm00001d033861,Zm00001d033859
Zm00001d033890,Zm00001d033892,Zm00001d033891
Zm00001d033897,Zm00001d033899
Zm00001d033927,Zm00001d033929
Zm00001d033935,Zm00001d033933
Zm00001d028252,Zm00001d028249
Zm00001d034002,Zm00001d034003
Zm00001d034015,Zm00001d034017
Zm00001d034043,Zm00001d034041,Zm00001d034040
Zm00001d034045,Zm00001d034047
Zm00001d034058,Zm00001d034057
Zm00001d034066,Zm00001d034068,Zm00001d034069,Zm00001d034067
Zm00001d034084,Zm00001d034082
Zm00001d034107,Zm00001d034096,Zm00001d034095,Zm00001d034097,Zm00001d034103,Zm00001d034104
Zm00001d034129,Zm00001d034128
Zm00001d034137,Zm00001d034125
Zm00001d034166,Zm00001d034164
Zm00001d034173,Zm00001d034174
Zm00001d034186,Zm00001d034184
Zm00001d034200,Zm00001d034201
Zm00001d028269,Zm00001d028270
Zm00001d034237,Zm00001d034232
Zm00001d034247,Zm00001d034246
Zm00001d027320,Zm00001d027321
Zm00001d034254,Zm00001d034253
Zm00001d034305,Zm00001d034307
Zm00001d034322,Zm00001d034324
Zm00001d034327,Zm00001d034331
Zm00001d034333,Zm00001d034330
Zm00001d034376,Zm00001d034372
Zm00001d034385,Zm00001d034387,Zm00001d034388
Zm00001d034405,Zm00001d034402
Zm00001d034414,Zm00001d034416
Zm00001d034417,Zm00001d034418,Zm00001d034419
Zm00001d034432,Zm00001d034431
Zm00001d034447,Zm00001d034448
Zm00001d034452,Zm00001d034453
Zm00001d034454,Zm00001d034456
Zm00001d034457,Zm00001d034455
Zm00001d034460,Zm00001d034461
Zm00001d034483,Zm00001d034482
Zm00001d034489,Zm00001d034488
Zm00001d028297,Zm00001d028296
Zm00001d034521,Zm00001d034520
Zm00001d034542,Zm00001d034541,Zm00001d034540,Zm00001d034538
Zm00001d034552,Zm00001d034551
Zm00001d034553,Zm00001d034554
Zm00001d034621,Zm00001d034620
Zm00001d034641,Zm00001d034642
Zm00001d034644,Zm00001d034643
Zm00001d034651,Zm00001d034653
Zm00001d034662,Zm00001d034658
Zm00001d034672,Zm00001d034671
Zm00001d034675,Zm00001d034676
Zm00001d028309,Zm00001d028308
Zm00001d034741,Zm00001d034742
Zm00001d034764,Zm00001d034766
Zm00001d034773,Zm00001d034776
Zm00001d034803,Zm00001d034802
Zm00001d028312,Zm00001d028314,Zm00001d028315
Zm00001d034838,Zm00001d034839
Zm00001d034865,Zm00001d034870
Zm00001d034892,Zm00001d034893
Zm00001d034900,Zm00001d034904
Zm00001d034902,Zm00001d034903
Zm00001d028319,Zm00001d028317
Zm00001d034945,Zm00001d034946,Zm00001d034947
Zm00001d034957,Zm00001d034956
Zm00001d028348,Zm00001d028349,Zm00001d028347
Zm00001d028355,Zm00001d028354
Zm00001d028358,Zm00001d028357
Zm00001d028368,Zm00001d028367
Zm00001d028400,Zm00001d028399
Zm00001d028439,Zm00001d028455,Zm00001d028454,Zm00001d028453
Zm00001d028456,Zm00001d028457
Zm00001d028467,Zm00001d028465,Zm00001d028469
Zm00001d028495,Zm00001d028497
Zm00001d028525,Zm00001d028519
Zm00001d028554,Zm00001d028556
Zm00001d028555,Zm00001d028557
Zm00001d028639,Zm00001d028630
Zm00001d028679,Zm00001d028680
Zm00001d028692,Zm00001d028693
Zm00001d028767,Zm00001d028768
Zm00001d028776,Zm00001d028775
Zm00001d028788,Zm00001d028789
Zm00001d028814,Zm00001d028815,Zm00001d028816
Zm00001d028823,Zm00001d028822,Zm00001d028821
Zm00001d028854,Zm00001d028842,Zm00001d028849,Zm00001d028845,Zm00001d028850
Zm00001d028887,Zm00001d028888
Zm00001d028900,Zm00001d028899
Zm00001d027436,Zm00001d027439
Zm00001d028987,Zm00001d028988
Zm00001d028999,Zm00001d028995
Zm00001d029091,Zm00001d029087
Zm00001d029099,Zm00001d029101
Zm00001d029108,Zm00001d029111,Zm00001d029117,Zm00001d029115
Zm00001d027472,Zm00001d027474,Zm00001d027475
Zm00001d029159,Zm00001d029157,Zm00001d029168,Zm00001d029146
Zm00001d029164,Zm00001d029154
Zm00001d029183,Zm00001d029184
Zm00001d029209,Zm00001d029211
Zm00001d029241,Zm00001d029243
Zm00001d029247,Zm00001d029246
Zm00001d029254,Zm00001d029251
Zm00001d029280,Zm00001d029279,Zm00001d029274,Zm00001d029275
Zm00001d029289,Zm00001d029288,Zm00001d029290
Zm00001d029309,Zm00001d029310
Zm00001d029318,Zm00001d029314,Zm00001d029321,Zm00001d029320,Zm00001d029319
Zm00001d029337,Zm00001d029336
Zm00001d029353,Zm00001d029356,Zm00001d029359
Zm00001d029372,Zm00001d029373
Zm00001d029376,Zm00001d029377
Zm00001d029389,Zm00001d029387,Zm00001d029388
Zm00001d027508,Zm00001d027509
Zm00001d029454,Zm00001d029451,Zm00001d029449
Zm00001d029457,Zm00001d029459
Zm00001d029462,Zm00001d029461
Zm00001d029476,Zm00001d029478
Zm00001d027524,Zm00001d027525
Zm00001d029520,Zm00001d029526,Zm00001d029519
Zm00001d029550,Zm00001d029551
Zm00001d027535,Zm00001d027534
Zm00001d029580,Zm00001d029581,Zm00001d029582
Zm00001d029587,Zm00001d029586,Zm00001d029589,Zm00001d029584
Zm00001d027539,Zm00001d027542,Zm00001d027540,Zm00001d027541
Zm00001d029601,Zm00001d029602
Zm00001d029619,Zm00001d029620
Zm00001d029628,Zm00001d029631,Zm00001d029630
Zm00001d029657,Zm00001d029656
Zm00001d029667,Zm00001d029668
Zm00001d027572,Zm00001d027570,Zm00001d027571
Zm00001d029701,Zm00001d029703,Zm00001d029699,Zm00001d029704,Zm00001d029696,Zm00001d029700,Zm00001d029702
Zm00001d029707,Zm00001d029708,Zm00001d029706
Zm00001d027578,Zm00001d027580
Zm00001d029730,Zm00001d029729
Zm00001d029798,Zm00001d029800,Zm00001d029792
Zm00001d029799,Zm00001d029801,Zm00001d029793
Zm00001d027601,Zm00001d027599,Zm00001d027605,Zm00001d027604
Zm00001d029857,Zm00001d029858,Zm00001d029859
Zm00001d027622,Zm00001d027621
Zm00001d029898,Zm00001d029897
Zm00001d029899,Zm00001d029906,Zm00001d029903,Zm00001d029913,Zm00001d029907
Zm00001d029901,Zm00001d029902
Zm00001d029922,Zm00001d029924
Zm00001d029932,Zm00001d029933
Zm00001d029972,Zm00001d029973
Zm00001d027639,Zm00001d027643,Zm00001d027642,Zm00001d027638
Zm00001d027646,Zm00001d027647
Zm00001d004287,Zm00001d004288
Zm00001d002313,Zm00001d002309,Zm00001d002312
Zm00001d004305,Zm00001d004301,Zm00001d004308,Zm00001d004306
Zm00001d004326,Zm00001d004322
Zm00001d004333,Zm00001d004332
Zm00001d004347,Zm00001d004359
Zm00001d004371,Zm00001d004355,Zm00001d004364
Zm00001d002351,Zm00001d002349,Zm00001d002350
Zm00001d004387,Zm00001d004389,Zm00001d004388
Zm00001d004414,Zm00001d004417
Zm00001d004416,Zm00001d004418,Zm00001d004415
Zm00001d004423,Zm00001d004424
Zm00001d004429,Zm00001d004431
Zm00001d004457,Zm00001d004458
Zm00001d004491,Zm00001d004503
Zm00001d004502,Zm00001d004501
Zm00001d004527,Zm00001d004526
Zm00001d004559,Zm00001d004558
Zm00001d002393,Zm00001d002394
Zm00001d004573,Zm00001d004568
Zm00001d001802,Zm00001d001800
Zm00001d002400,Zm00001d002397,Zm00001d002398,Zm00001d002401
Zm00001d002402,Zm00001d002399
Zm00001d004586,Zm00001d004589,Zm00001d004591
Zm00001d002409,Zm00001d002412,Zm00001d002410
Zm00001d002427,Zm00001d002426
Zm00001d004640,Zm00001d004639
Zm00001d004645,Zm00001d004652
Zm00001d002431,Zm00001d002430
Zm00001d002436,Zm00001d002435,Zm00001d002434
Zm00001d004659,Zm00001d004661
Zm00001d002447,Zm00001d002446
Zm00001d004676,Zm00001d004677
Zm00001d004680,Zm00001d004679
Zm00001d004685,Zm00001d004686
Zm00001d004687,Zm00001d004689
Zm00001d002462,Zm00001d002463
Zm00001d004718,Zm00001d004719
Zm00001d004721,Zm00001d004725,Zm00001d004728,Zm00001d004729,Zm00001d004730
Zm00001d002474,Zm00001d002473
Zm00001d002476,Zm00001d002482
Zm00001d004753,Zm00001d004754,Zm00001d004758
Zm00001d004768,Zm00001d004763
Zm00001d004771,Zm00001d004772
Zm00001d004785,Zm00001d004784
Zm00001d004794,Zm00001d004796
Zm00001d004826,Zm00001d004835
Zm00001d001817,Zm00001d001818
Zm00001d004841,Zm00001d004839
Zm00001d002515,Zm00001d002514
Zm00001d004882,Zm00001d004881
Zm00001d004888,Zm00001d004887
Zm00001d004890,Zm00001d004880
Zm00001d002530,Zm00001d002523,Zm00001d002522,Zm00001d002520,Zm00001d002521
Zm00001d004906,Zm00001d004905
Zm00001d004918,Zm00001d004919
Zm00001d004977,Zm00001d004978
Zm00001d002553,Zm00001d002551
Zm00001d005002,Zm00001d005001
Zm00001d005013,Zm00001d005012
Zm00001d005036,Zm00001d005043,Zm00001d005044
Zm00001d002572,Zm00001d002570
Zm00001d005062,Zm00001d005060
Zm00001d005063,Zm00001d005064,Zm00001d005065
Zm00001d002576,Zm00001d002568
Zm00001d005184,Zm00001d005176
Zm00001d005189,Zm00001d005190
Zm00001d005257,Zm00001d005256
Zm00001d005283,Zm00001d005284
Zm00001d002618,Zm00001d002620
Zm00001d005324,Zm00001d005325
Zm00001d005389,Zm00001d005374,Zm00001d005379,Zm00001d005380
Zm00001d005391,Zm00001d005381,Zm00001d005375
Zm00001d005392,Zm00001d005383,Zm00001d005378,Zm00001d005377
Zm00001d002629,Zm00001d002626
Zm00001d005421,Zm00001d005410
Zm00001d005434,Zm00001d005436
Zm00001d005465,Zm00001d005464
Zm00001d002631,Zm00001d002625
Zm00001d005518,Zm00001d005524
Zm00001d005600,Zm00001d005593
Zm00001d005647,Zm00001d005652
Zm00001d005678,Zm00001d005680
Zm00001d005688,Zm00001d005690
Zm00001d005717,Zm00001d005719,Zm00001d005722,Zm00001d005716
Zm00001d005750,Zm00001d005740
Zm00001d005782,Zm00001d005783
Zm00001d005786,Zm00001d005787,Zm00001d005788
Zm00001d005822,Zm00001d005821,Zm00001d005823
Zm00001d005851,Zm00001d005852
Zm00001d005859,Zm00001d005860
Zm00001d005878,Zm00001d005879
Zm00001d005909,Zm00001d005905,Zm00001d005910
Zm00001d005915,Zm00001d005914
Zm00001d005934,Zm00001d005933,Zm00001d005935
Zm00001d005936,Zm00001d005940
Zm00001d005974,Zm00001d005973
Zm00001d005981,Zm00001d005986
Zm00001d002698,Zm00001d002699
Zm00001d006014,Zm00001d006013
Zm00001d006034,Zm00001d006035
Zm00001d006043,Zm00001d006044
Zm00001d006066,Zm00001d006067
Zm00001d002708,Zm00001d002705
Zm00001d006137,Zm00001d006140,Zm00001d006145
Zm00001d006142,Zm00001d006147
Zm00001d006143,Zm00001d006148
Zm00001d006144,Zm00001d006149
Zm00001d006169,Zm00001d006170
Zm00001d006199,Zm00001d006203
Zm00001d006252,Zm00001d006253
Zm00001d006257,Zm00001d006262
Zm00001d006263,Zm00001d006260,Zm00001d006261
Zm00001d006276,Zm00001d006282,Zm00001d006274,Zm00001d006285,Zm00001d006279,Zm00001d006283,Zm00001d006278,Zm00001d006281,Zm00001d006275,Zm00001d006277,Zm00001d006280
Zm00001d006298,Zm00001d006306
Zm00001d006307,Zm00001d006300,Zm00001d006301,Zm00001d006303,Zm00001d006302
Zm00001d006313,Zm00001d006312
Zm00001d006342,Zm00001d006341,Zm00001d006340
Zm00001d002728,Zm00001d002727,Zm00001d002729
Zm00001d006371,Zm00001d006370
Zm00001d006402,Zm00001d006401
Zm00001d002732,Zm00001d002731
Zm00001d006449,Zm00001d006450,Zm00001d006446
Zm00001d006481,Zm00001d006488
Zm00001d006484,Zm00001d006485
Zm00001d006494,Zm00001d006493
Zm00001d006500,Zm00001d006501
Zm00001d006505,Zm00001d006506
Zm00001d006516,Zm00001d006515
Zm00001d006525,Zm00001d006526
Zm00001d006531,Zm00001d006527
Zm00001d006535,Zm00001d006536
Zm00001d006547,Zm00001d006548
Zm00001d006587,Zm00001d006592
Zm00001d006627,Zm00001d006623
Zm00001d002747,Zm00001d002744,Zm00001d002748
Zm00001d006684,Zm00001d006683
Zm00001d006688,Zm00001d006697
Zm00001d006735,Zm00001d006736
Zm00001d006774,Zm00001d006775
Zm00001d006776,Zm00001d006777
Zm00001d006779,Zm00001d006778
Zm00001d002760,Zm00001d002761,Zm00001d002762
Zm00001d006923,Zm00001d006924
Zm00001d006936,Zm00001d006937,Zm00001d006933
Zm00001d006941,Zm00001d006940
Zm00001d006947,Zm00001d006948
Zm00001d007010,Zm00001d007011
Zm00001d002773,Zm00001d002772
Zm00001d007127,Zm00001d007125,Zm00001d007129
Zm00001d007160,Zm00001d007161
Zm00001d007167,Zm00001d007166
Zm00001d007209,Zm00001d007211
Zm00001d007221,Zm00001d007222
Zm00001d007228,Zm00001d007227
Zm00001d007258,Zm00001d007257
Zm00001d007259,Zm00001d007261
Zm00001d007334,Zm00001d007337
Zm00001d007341,Zm00001d007343
Zm00001d007349,Zm00001d007347
Zm00001d007367,Zm00001d007368
Zm00001d007426,Zm00001d007430
Zm00001d007457,Zm00001d007456
Zm00001d007468,Zm00001d007469,Zm00001d007467
Zm00001d007474,Zm00001d007477,Zm00001d007487
Zm00001d007491,Zm00001d007495
Zm00001d007529,Zm00001d007530,Zm00001d007528,Zm00001d007533,Zm00001d007532
Zm00001d007550,Zm00001d007561
Zm00001d002814,Zm00001d002812
Zm00001d007554,Zm00001d007558
Zm00001d007559,Zm00001d007531,Zm00001d007548,Zm00001d007555,Zm00001d007534
Zm00001d007560,Zm00001d007549
Zm00001d007562,Zm00001d007563
Zm00001d007567,Zm00001d007553
Zm00001d007587,Zm00001d007589,Zm00001d007586,Zm00001d007590
Zm00001d007616,Zm00001d007618,Zm00001d007620,Zm00001d007623
Zm00001d007632,Zm00001d007635
Zm00001d007661,Zm00001d007675,Zm00001d007670,Zm00001d007672,Zm00001d007667,Zm00001d007665,Zm00001d007654,Zm00001d007658
Zm00001d007662,Zm00001d007669,Zm00001d007664,Zm00001d007666
Zm00001d007677,Zm00001d007679
Zm00001d007705,Zm00001d007700
Zm00001d007725,Zm00001d007743
Zm00001d007740,Zm00001d007728,Zm00001d007732,Zm00001d007726,Zm00001d007746
Zm00001d007757,Zm00001d007755
Zm00001d007762,Zm00001d007764
Zm00001d007782,Zm00001d007777
Zm00001d007790,Zm00001d007793
Zm00001d007803,Zm00001d007789
Zm00001d007810,Zm00001d007819,Zm00001d007815
Zm00001d007848,Zm00001d007843
Zm00001d007851,Zm00001d007853
Zm00001d007909,Zm00001d007908
Zm00001d007918,Zm00001d007924
Zm00001d007954,Zm00001d007956
Zm00001d007959,Zm00001d007958,Zm00001d007957
Zm00001d002848,Zm00001d002847,Zm00001d002845
Zm00001d001887,Zm00001d001885
Zm00001d002878,Zm00001d002881
Zm00001d002886,Zm00001d002887
Zm00001d002902,Zm00001d002897,Zm00001d002898,Zm00001d002901,Zm00001d002899
Zm00001d002905,Zm00001d002906
Zm00001d001902,Zm00001d001903
Zm00001d002912,Zm00001d002916
Zm00001d002915,Zm00001d002907
Zm00001d001908,Zm00001d001910,Zm00001d001909
Zm00001d002959,Zm00001d002958
Zm00001d002962,Zm00001d002964
Zm00001d002967,Zm00001d002968
Zm00001d002974,Zm00001d002972
Zm00001d003016,Zm00001d003015
Zm00001d001921,Zm00001d001920
Zm00001d003019,Zm00001d003021,Zm00001d003023
Zm00001d003020,Zm00001d003022,Zm00001d003024
Zm00001d001923,Zm00001d001917
Zm00001d003045,Zm00001d003046,Zm00001d003044
Zm00001d001924,Zm00001d001927
Zm00001d003047,Zm00001d003050
Zm00001d003058,Zm00001d003059,Zm00001d003053
Zm00001d001930,Zm00001d001929
Zm00001d003066,Zm00001d003067
Zm00001d003072,Zm00001d003070,Zm00001d003069
Zm00001d001941,Zm00001d001944,Zm00001d001943
Zm00001d003140,Zm00001d003142,Zm00001d003144
Zm00001d003151,Zm00001d003153,Zm00001d003155
Zm00001d003173,Zm00001d003174
Zm00001d003185,Zm00001d003187,Zm00001d003184,Zm00001d003186,Zm00001d003183
Zm00001d003188,Zm00001d003190,Zm00001d003191
Zm00001d001963,Zm00001d001964
Zm00001d003217,Zm00001d003219
Zm00001d003237,Zm00001d003240,Zm00001d003234,Zm00001d003232,Zm00001d003235
Zm00001d001974,Zm00001d001973
Zm00001d003257,Zm00001d003258
Zm00001d003273,Zm00001d003274
Zm00001d003277,Zm00001d003280,Zm00001d003279
Zm00001d003294,Zm00001d003295
Zm00001d003304,Zm00001d003306
Zm00001d001993,Zm00001d001986
Zm00001d003342,Zm00001d003335,Zm00001d003341
Zm00001d003364,Zm00001d003363,Zm00001d003356,Zm00001d003365,Zm00001d003358,Zm00001d003355,Zm00001d003357,Zm00001d003353
Zm00001d003376,Zm00001d003377
Zm00001d003396,Zm00001d003397
Zm00001d003409,Zm00001d003408
Zm00001d002018,Zm00001d002014,Zm00001d002016,Zm00001d002015,Zm00001d002017
Zm00001d003434,Zm00001d003432,Zm00001d003436
Zm00001d002020,Zm00001d002013,Zm00001d002019
Zm00001d003476,Zm00001d003473,Zm00001d003471,Zm00001d003469,Zm00001d003468,Zm00001d003472
Zm00001d003482,Zm00001d003485
Zm00001d003483,Zm00001d003488
Zm00001d003495,Zm00001d003494
Zm00001d003497,Zm00001d003499
Zm00001d003504,Zm00001d003501
Zm00001d003512,Zm00001d003513
Zm00001d003525,Zm00001d003524
Zm00001d003566,Zm00001d003567
Zm00001d003584,Zm00001d003583
Zm00001d003606,Zm00001d003607,Zm00001d003605
Zm00001d003613,Zm00001d003612
Zm00001d002057,Zm00001d002055
Zm00001d003625,Zm00001d003639
Zm00001d003638,Zm00001d003637
Zm00001d003651,Zm00001d003650
Zm00001d002066,Zm00001d002067
Zm00001d003661,Zm00001d003662
Zm00001d003670,Zm00001d003673
Zm00001d003675,Zm00001d003674
Zm00001d002072,Zm00001d002074,Zm00001d002069,Zm00001d002071
Zm00001d003683,Zm00001d003680
Zm00001d002075,Zm00001d002079
Zm00001d003696,Zm00001d003701
Zm00001d003719,Zm00001d003722
Zm00001d003723,Zm00001d003727
Zm00001d003757,Zm00001d003760
Zm00001d002094,Zm00001d002093
Zm00001d003786,Zm00001d003791,Zm00001d003794
Zm00001d002100,Zm00001d002101
Zm00001d003810,Zm00001d003808
Zm00001d003825,Zm00001d003819
Zm00001d003852,Zm00001d003850
Zm00001d003859,Zm00001d003861
Zm00001d003867,Zm00001d003866,Zm00001d003865
Zm00001d002132,Zm00001d002133
Zm00001d002150,Zm00001d002149
Zm00001d002161,Zm00001d002159,Zm00001d002158,Zm00001d002160
Zm00001d003939,Zm00001d003941,Zm00001d003938
Zm00001d002168,Zm00001d002167
Zm00001d002169,Zm00001d002166
Zm00001d001780,Zm00001d001781
Zm00001d003950,Zm00001d003949,Zm00001d003954
Zm00001d002174,Zm00001d002172,Zm00001d002178,Zm00001d002175,Zm00001d002173,Zm00001d002181
Zm00001d003961,Zm00001d003962
Zm00001d002179,Zm00001d002182
Zm00001d002188,Zm00001d002189
Zm00001d004025,Zm00001d004033
Zm00001d002192,Zm00001d002193
Zm00001d002195,Zm00001d002194
Zm00001d004072,Zm00001d004074,Zm00001d004078,Zm00001d004079
Zm00001d002199,Zm00001d002198
Zm00001d002203,Zm00001d002209,Zm00001d002215,Zm00001d002223,Zm00001d002229
Zm00001d002207,Zm00001d002220,Zm00001d002227,Zm00001d002213
Zm00001d002208,Zm00001d002221,Zm00001d002228,Zm00001d002214,Zm00001d002202
Zm00001d002216,Zm00001d002217,Zm00001d002205,Zm00001d002225,Zm00001d002211,Zm00001d002232,Zm00001d002231,Zm00001d002204,Zm00001d002224,Zm00001d002230
Zm00001d004120,Zm00001d004121
Zm00001d004183,Zm00001d004184
Zm00001d002254,Zm00001d002255
Zm00001d002261,Zm00001d002260
Zm00001d002267,Zm00001d002268
Zm00001d004225,Zm00001d004227
Zm00001d004230,Zm00001d004234
Zm00001d004231,Zm00001d004232,Zm00001d004242
Zm00001d002287,Zm00001d002282,Zm00001d002283
Zm00001d002302,Zm00001d002304
Zm00001d039285,Zm00001d039280
Zm00001d041173,Zm00001d041168
Zm00001d041212,Zm00001d041213
Zm00001d041232,Zm00001d041236
Zm00001d041293,Zm00001d041291
Zm00001d039664,Zm00001d039663
Zm00001d041362,Zm00001d041365,Zm00001d041358
Zm00001d041392,Zm00001d041393
Zm00001d039680,Zm00001d039679
Zm00001d041416,Zm00001d041418
Zm00001d041445,Zm00001d041444
Zm00001d041450,Zm00001d041453
Zm00001d041521,Zm00001d041520
Zm00001d041546,Zm00001d041545
Zm00001d041556,Zm00001d041553
Zm00001d041563,Zm00001d041559
Zm00001d041564,Zm00001d041560
Zm00001d041565,Zm00001d041561
Zm00001d041570,Zm00001d041571
Zm00001d039711,Zm00001d039712
Zm00001d041574,Zm00001d041573
Zm00001d039727,Zm00001d039728
Zm00001d039731,Zm00001d039729
Zm00001d041657,Zm00001d041656,Zm00001d041663,Zm00001d041662
Zm00001d041670,Zm00001d041660
Zm00001d041684,Zm00001d041678
Zm00001d039749,Zm00001d039754
Zm00001d041776,Zm00001d041777
Zm00001d041806,Zm00001d041808
Zm00001d041809,Zm00001d041810,Zm00001d041811
Zm00001d041816,Zm00001d041817
Zm00001d041842,Zm00001d041836,Zm00001d041843
Zm00001d039758,Zm00001d039762
Zm00001d041904,Zm00001d041907
Zm00001d041927,Zm00001d041929
Zm00001d041938,Zm00001d041941
Zm00001d041987,Zm00001d041985,Zm00001d041984
Zm00001d041998,Zm00001d041996,Zm00001d041997
Zm00001d042019,Zm00001d042022
Zm00001d042072,Zm00001d042071
Zm00001d042080,Zm00001d042078
Zm00001d039795,Zm00001d039799
Zm00001d042088,Zm00001d042090
Zm00001d042095,Zm00001d042098,Zm00001d042099,Zm00001d042104,Zm00001d042096,Zm00001d042102,Zm00001d042101,Zm00001d042100
Zm00001d042107,Zm00001d042108
Zm00001d042122,Zm00001d042125,Zm00001d042123
Zm00001d042128,Zm00001d042130
Zm00001d042134,Zm00001d042136,Zm00001d042135
Zm00001d042137,Zm00001d042141,Zm00001d042140,Zm00001d042143,Zm00001d042138
Zm00001d042148,Zm00001d042147
Zm00001d039807,Zm00001d039805,Zm00001d039817,Zm00001d039802,Zm00001d039803,Zm00001d039818,Zm00001d039796
Zm00001d042150,Zm00001d042151
Zm00001d042156,Zm00001d042165
Zm00001d039808,Zm00001d039810
Zm00001d042169,Zm00001d042173
Zm00001d042172,Zm00001d042175,Zm00001d042178
Zm00001d042189,Zm00001d042190
Zm00001d042196,Zm00001d042197
Zm00001d042207,Zm00001d042210,Zm00001d042209,Zm00001d042204
Zm00001d042237,Zm00001d042239
Zm00001d042275,Zm00001d042274
Zm00001d042281,Zm00001d042279,Zm00001d042276
Zm00001d039824,Zm00001d039822
Zm00001d042336,Zm00001d042337
Zm00001d039833,Zm00001d039837,Zm00001d039840
Zm00001d042380,Zm00001d042389
Zm00001d042402,Zm00001d042403
Zm00001d042410,Zm00001d042400
Zm00001d042510,Zm00001d042508
Zm00001d042512,Zm00001d042511
Zm00001d042541,Zm00001d042540
Zm00001d042561,Zm00001d042568,Zm00001d042562,Zm00001d042564,Zm00001d042563
Zm00001d042573,Zm00001d042572
Zm00001d042588,Zm00001d042593
Zm00001d042624,Zm00001d042625
Zm00001d039882,Zm00001d039883
Zm00001d042656,Zm00001d042654
Zm00001d042683,Zm00001d042684,Zm00001d042680
Zm00001d042690,Zm00001d042689
Zm00001d042692,Zm00001d042693
Zm00001d042706,Zm00001d042708
Zm00001d042740,Zm00001d042739
Zm00001d042749,Zm00001d042748,Zm00001d042750
Zm00001d042753,Zm00001d042752
Zm00001d042761,Zm00001d042760
Zm00001d042771,Zm00001d042770,Zm00001d042769,Zm00001d042768
Zm00001d042796,Zm00001d042799
Zm00001d042869,Zm00001d042868
Zm00001d042906,Zm00001d042905,Zm00001d042901
Zm00001d042910,Zm00001d042911
Zm00001d042923,Zm00001d042924
Zm00001d042934,Zm00001d042933
Zm00001d039898,Zm00001d039895
Zm00001d042988,Zm00001d042989
Zm00001d043000,Zm00001d043003
Zm00001d043001,Zm00001d043004
Zm00001d039901,Zm00001d039902
Zm00001d043015,Zm00001d043016
Zm00001d043022,Zm00001d043023
Zm00001d043063,Zm00001d043066,Zm00001d043062,Zm00001d043060
Zm00001d043102,Zm00001d043103
Zm00001d043129,Zm00001d043126
Zm00001d043144,Zm00001d043150
Zm00001d043166,Zm00001d043165
Zm00001d043205,Zm00001d043204
Zm00001d043216,Zm00001d043211
Zm00001d043221,Zm00001d043220
Zm00001d043252,Zm00001d043253,Zm00001d043256,Zm00001d043257
Zm00001d043286,Zm00001d043283,Zm00001d043284
Zm00001d043289,Zm00001d043290
Zm00001d043375,Zm00001d043374
Zm00001d039931,Zm00001d039923,Zm00001d039921,Zm00001d039926,Zm00001d039920,Zm00001d039927,Zm00001d039930,Zm00001d039928,Zm00001d039924,Zm00001d039929,Zm00001d039925,Zm00001d039922
Zm00001d039941,Zm00001d039935,Zm00001d039933,Zm00001d039936,Zm00001d039942
Zm00001d043468,Zm00001d043469
Zm00001d043480,Zm00001d043478
Zm00001d039947,Zm00001d039952,Zm00001d039956,Zm00001d039951
Zm00001d043516,Zm00001d043512
Zm00001d043519,Zm00001d043517
Zm00001d043544,Zm00001d043547
Zm00001d043619,Zm00001d043620
Zm00001d043622,Zm00001d043623,Zm00001d043624
Zm00001d043632,Zm00001d043625
Zm00001d043641,Zm00001d043643,Zm00001d043644
Zm00001d043650,Zm00001d043651
Zm00001d043653,Zm00001d043656
Zm00001d039958,Zm00001d039946
Zm00001d043682,Zm00001d043683
Zm00001d043716,Zm00001d043714,Zm00001d043719,Zm00001d043715
Zm00001d043740,Zm00001d043742,Zm00001d043741,Zm00001d043738
Zm00001d043766,Zm00001d043762
Zm00001d043771,Zm00001d043770
Zm00001d043789,Zm00001d043795,Zm00001d043787
Zm00001d043793,Zm00001d043792,Zm00001d043794
Zm00001d043800,Zm00001d043798
Zm00001d043806,Zm00001d043808
Zm00001d039969,Zm00001d039970
Zm00001d043823,Zm00001d043820
Zm00001d043847,Zm00001d043849
Zm00001d043852,Zm00001d043856
Zm00001d043871,Zm00001d043870
Zm00001d043882,Zm00001d043884
Zm00001d043915,Zm00001d043914
Zm00001d043927,Zm00001d043928
Zm00001d043944,Zm00001d043945
Zm00001d043981,Zm00001d043975,Zm00001d043980
Zm00001d044013,Zm00001d044014
Zm00001d044017,Zm00001d044018
Zm00001d044037,Zm00001d044033,Zm00001d044031
Zm00001d044043,Zm00001d044040,Zm00001d044048,Zm00001d044045,Zm00001d044050,Zm00001d044049
Zm00001d044053,Zm00001d044052
Zm00001d044099,Zm00001d044096,Zm00001d044095
Zm00001d039346,Zm00001d039345
Zm00001d044117,Zm00001d044118
Zm00001d044134,Zm00001d044133
Zm00001d044159,Zm00001d044153,Zm00001d044156,Zm00001d044147,Zm00001d044146,Zm00001d044157,Zm00001d044154
Zm00001d044203,Zm00001d044208
Zm00001d044220,Zm00001d044221
Zm00001d044231,Zm00001d044237
Zm00001d044273,Zm00001d044274
Zm00001d044281,Zm00001d044283,Zm00001d044284
Zm00001d044289,Zm00001d044288
Zm00001d044317,Zm00001d044316
Zm00001d044340,Zm00001d044339
Zm00001d044351,Zm00001d044348,Zm00001d044352,Zm00001d044354,Zm00001d044345
Zm00001d044364,Zm00001d044363
Zm00001d044373,Zm00001d044372
Zm00001d044375,Zm00001d044376
Zm00001d044386,Zm00001d044385
Zm00001d044396,Zm00001d044399,Zm00001d044401,Zm00001d044402
Zm00001d044400,Zm00001d044398
Zm00001d044431,Zm00001d044430
Zm00001d044433,Zm00001d044432
Zm00001d044438,Zm00001d044439,Zm00001d044440
Zm00001d044443,Zm00001d044442
Zm00001d044457,Zm00001d044458
Zm00001d044500,Zm00001d044501
Zm00001d044547,Zm00001d044537
Zm00001d044570,Zm00001d044573
Zm00001d044579,Zm00001d044580
Zm00001d044586,Zm00001d044588
Zm00001d044597,Zm00001d044598
Zm00001d044622,Zm00001d044625
Zm00001d044623,Zm00001d044626,Zm00001d044627
Zm00001d044628,Zm00001d044624
Zm00001d044642,Zm00001d044644
Zm00001d044647,Zm00001d044646
Zm00001d044655,Zm00001d044654
Zm00001d044685,Zm00001d044686
Zm00001d040034,Zm00001d040035
Zm00001d040043,Zm00001d040044
Zm00001d040059,Zm00001d040075,Zm00001d040071,Zm00001d040066,Zm00001d040067,Zm00001d040060,Zm00001d040064
Zm00001d039363,Zm00001d039364
Zm00001d040090,Zm00001d040091
Zm00001d039374,Zm00001d039375,Zm00001d039377
Zm00001d040127,Zm00001d040126,Zm00001d040128
Zm00001d040152,Zm00001d040148
Zm00001d040161,Zm00001d040162
Zm00001d039386,Zm00001d039385
Zm00001d039392,Zm00001d039393
Zm00001d040210,Zm00001d040211,Zm00001d040212
Zm00001d040232,Zm00001d040231
Zm00001d040249,Zm00001d040247
Zm00001d040252,Zm00001d040253
Zm00001d040270,Zm00001d040269
Zm00001d040302,Zm00001d040301
Zm00001d039420,Zm00001d039419
Zm00001d040366,Zm00001d040365
Zm00001d040377,Zm00001d040376
Zm00001d040387,Zm00001d040386
Zm00001d040420,Zm00001d040414
Zm00001d040423,Zm00001d040428,Zm00001d040426
Zm00001d040448,Zm00001d040449
Zm00001d040460,Zm00001d040461
Zm00001d040479,Zm00001d040497,Zm00001d040483
Zm00001d040493,Zm00001d040481,Zm00001d040501
Zm00001d040509,Zm00001d040508
Zm00001d040539,Zm00001d040540
Zm00001d040581,Zm00001d040578,Zm00001d040579
Zm00001d040583,Zm00001d040582
Zm00001d040609,Zm00001d040608
Zm00001d040639,Zm00001d040638
Zm00001d040650,Zm00001d040649
Zm00001d040659,Zm00001d040660
Zm00001d040700,Zm00001d040701
Zm00001d040702,Zm00001d040705
Zm00001d040706,Zm00001d040708
Zm00001d040712,Zm00001d040711
Zm00001d040731,Zm00001d040730,Zm00001d040733
Zm00001d039517,Zm00001d039514
Zm00001d040757,Zm00001d040759
Zm00001d040773,Zm00001d040772
Zm00001d040786,Zm00001d040785,Zm00001d040787
Zm00001d040818,Zm00001d040820
Zm00001d040836,Zm00001d040837
Zm00001d040847,Zm00001d040844
Zm00001d040855,Zm00001d040857
Zm00001d039532,Zm00001d039531
Zm00001d040874,Zm00001d040875
Zm00001d040898,Zm00001d040901
Zm00001d040911,Zm00001d040912
Zm00001d040933,Zm00001d040934
Zm00001d039563,Zm00001d039564
Zm00001d040954,Zm00001d040953
Zm00001d039268,Zm00001d039269
Zm00001d039602,Zm00001d039604
Zm00001d040988,Zm00001d040986
Zm00001d041007,Zm00001d041013
Zm00001d039274,Zm00001d039276
Zm00001d039628,Zm00001d039629
Zm00001d041070,Zm00001d041069
Zm00001d041077,Zm00001d041076,Zm00001d041079
Zm00001d039278,Zm00001d039279
Zm00001d039633,Zm00001d039631
Zm00001d041087,Zm00001d041086
Zm00001d041136,Zm00001d041124
Zm00001d039642,Zm00001d039643,Zm00001d039644
Zm00001d050573,Zm00001d050574
Zm00001d050608,Zm00001d050609
Zm00001d050620,Zm00001d050621
Zm00001d048603,Zm00001d048604,Zm00001d048602,Zm00001d048600,Zm00001d048601,Zm00001d048588
Zm00001d048948,Zm00001d048950,Zm00001d048949,Zm00001d048947
Zm00001d050643,Zm00001d050642
Zm00001d048968,Zm00001d048962,Zm00001d048965
Zm00001d050660,Zm00001d050658
Zm00001d048978,Zm00001d048973,Zm00001d048975,Zm00001d048972
Zm00001d048982,Zm00001d048983
Zm00001d050672,Zm00001d050671
Zm00001d050684,Zm00001d050682
Zm00001d050687,Zm00001d050678
Zm00001d048985,Zm00001d048987
Zm00001d048990,Zm00001d048989
Zm00001d050726,Zm00001d050728
Zm00001d048995,Zm00001d048996
Zm00001d049007,Zm00001d049006
Zm00001d050805,Zm00001d050803
Zm00001d050845,Zm00001d050836
Zm00001d049031,Zm00001d049032
Zm00001d050920,Zm00001d050921
Zm00001d050965,Zm00001d050967
Zm00001d051021,Zm00001d051033
Zm00001d051093,Zm00001d051099,Zm00001d051085,Zm00001d051088,Zm00001d051094,Zm00001d051096,Zm00001d051089,Zm00001d051083
Zm00001d051163,Zm00001d051161,Zm00001d051166,Zm00001d051164
Zm00001d048618,Zm00001d048617
Zm00001d051187,Zm00001d051188
Zm00001d051200,Zm00001d051202,Zm00001d051199
Zm00001d051225,Zm00001d051223
Zm00001d049077,Zm00001d049078
Zm00001d051246,Zm00001d051254,Zm00001d051251,Zm00001d051259
Zm00001d051267,Zm00001d051269
Zm00001d051313,Zm00001d051314
Zm00001d051336,Zm00001d051335
Zm00001d051350,Zm00001d051355
Zm00001d049087,Zm00001d049086
Zm00001d051370,Zm00001d051371
Zm00001d051373,Zm00001d051374
Zm00001d051399,Zm00001d051397
Zm00001d051410,Zm00001d051411
Zm00001d051413,Zm00001d051412
Zm00001d051419,Zm00001d051418
Zm00001d051460,Zm00001d051468
Zm00001d051496,Zm00001d051495,Zm00001d051492
Zm00001d049113,Zm00001d049109
Zm00001d051658,Zm00001d051659
Zm00001d051669,Zm00001d051668
Zm00001d051695,Zm00001d051692,Zm00001d051693
Zm00001d051735,Zm00001d051710,Zm00001d051715,Zm00001d051722,Zm00001d051730,Zm00001d051726,Zm00001d051720,Zm00001d051706,Zm00001d051719,Zm00001d051711,Zm00001d051707,Zm00001d051712,Zm00001d051724,Zm00001d051732,Zm00001d051708,Zm00001d051727
Zm00001d049134,Zm00001d049133
Zm00001d051963,Zm00001d051961,Zm00001d051964,Zm00001d051965,Zm00001d051959,Zm00001d051958
Zm00001d052038,Zm00001d052037
Zm00001d052067,Zm00001d052066
Zm00001d052091,Zm00001d052089
Zm00001d052127,Zm00001d052128
Zm00001d052164,Zm00001d052165
Zm00001d052170,Zm00001d052168
Zm00001d052206,Zm00001d052205
Zm00001d052211,Zm00001d052209,Zm00001d052210
Zm00001d052227,Zm00001d052226
Zm00001d052245,Zm00001d052244
Zm00001d052306,Zm00001d052296
Zm00001d052336,Zm00001d052335
Zm00001d052344,Zm00001d052346
Zm00001d052357,Zm00001d052355
Zm00001d052364,Zm00001d052363,Zm00001d052362
Zm00001d052372,Zm00001d052373,Zm00001d052371
Zm00001d052393,Zm00001d052394
Zm00001d052412,Zm00001d052413
Zm00001d052420,Zm00001d052421
Zm00001d052431,Zm00001d052430
Zm00001d052435,Zm00001d052434
Zm00001d052463,Zm00001d052464
Zm00001d052479,Zm00001d052480
Zm00001d052509,Zm00001d052513
Zm00001d049175,Zm00001d049176
Zm00001d052565,Zm00001d052566
Zm00001d052580,Zm00001d052557,Zm00001d052572
Zm00001d049179,Zm00001d049181
Zm00001d052604,Zm00001d052601
Zm00001d052605,Zm00001d052606
Zm00001d052628,Zm00001d052627,Zm00001d052625
Zm00001d052638,Zm00001d052637
Zm00001d052639,Zm00001d052640
Zm00001d052675,Zm00001d052673,Zm00001d052676
Zm00001d052683,Zm00001d052684
Zm00001d052734,Zm00001d052735
Zm00001d052785,Zm00001d052786
Zm00001d052792,Zm00001d052793
Zm00001d052818,Zm00001d052819
Zm00001d052828,Zm00001d052827,Zm00001d052829,Zm00001d052831
Zm00001d052835,Zm00001d052832
Zm00001d052841,Zm00001d052842,Zm00001d052840
Zm00001d052882,Zm00001d052878
Zm00001d052916,Zm00001d052915
Zm00001d049203,Zm00001d049196
Zm00001d052940,Zm00001d052937,Zm00001d052939
Zm00001d052965,Zm00001d052966
Zm00001d052992,Zm00001d052993,Zm00001d052996
Zm00001d052997,Zm00001d052988,Zm00001d052987
Zm00001d052998,Zm00001d052990,Zm00001d052989
Zm00001d053030,Zm00001d053031
Zm00001d053046,Zm00001d053047
Zm00001d053049,Zm00001d053050
Zm00001d049219,Zm00001d049217
Zm00001d049220,Zm00001d049221
Zm00001d053099,Zm00001d053094
Zm00001d053262,Zm00001d053260
Zm00001d053268,Zm00001d053269
Zm00001d053277,Zm00001d053278
Zm00001d053296,Zm00001d053295
Zm00001d053340,Zm00001d053339
Zm00001d053363,Zm00001d053366
Zm00001d053364,Zm00001d053365
Zm00001d053385,Zm00001d053387
Zm00001d053401,Zm00001d053403,Zm00001d053402
Zm00001d053435,Zm00001d053433,Zm00001d053434
Zm00001d053513,Zm00001d053514
Zm00001d053524,Zm00001d053530,Zm00001d053534,Zm00001d053526,Zm00001d053537,Zm00001d053528,Zm00001d053538,Zm00001d053533,Zm00001d053529,Zm00001d053531
Zm00001d049259,Zm00001d049260
Zm00001d053579,Zm00001d053578
Zm00001d053587,Zm00001d053588
Zm00001d053636,Zm00001d053633,Zm00001d053632,Zm00001d053635,Zm00001d053630
Zm00001d049268,Zm00001d049263
Zm00001d053684,Zm00001d053685
Zm00001d053737,Zm00001d053734
Zm00001d053770,Zm00001d053772
Zm00001d053790,Zm00001d053798
Zm00001d053830,Zm00001d053829
Zm00001d053838,Zm00001d053834
Zm00001d053866,Zm00001d053865,Zm00001d053867,Zm00001d053864
Zm00001d053906,Zm00001d053904
Zm00001d053913,Zm00001d053912
Zm00001d053933,Zm00001d053934
Zm00001d049282,Zm00001d049292
Zm00001d053939,Zm00001d053936
Zm00001d053955,Zm00001d053954
Zm00001d049286,Zm00001d049293
Zm00001d053960,Zm00001d053941,Zm00001d053950
Zm00001d054014,Zm00001d054012
Zm00001d054031,Zm00001d054032
Zm00001d054042,Zm00001d054041
Zm00001d054054,Zm00001d054052
Zm00001d054057,Zm00001d054060
Zm00001d048639,Zm00001d048640
Zm00001d054081,Zm00001d054085
Zm00001d049290,Zm00001d049291
Zm00001d054101,Zm00001d054100
Zm00001d049299,Zm00001d049301
Zm00001d049331,Zm00001d049332
Zm00001d048660,Zm00001d048656
Zm00001d048663,Zm00001d048665
Zm00001d049439,Zm00001d049418,Zm00001d049419,Zm00001d049428,Zm00001d049423,Zm00001d049424,Zm00001d049427,Zm00001d049436,Zm00001d049435,Zm00001d049421,Zm00001d049430,Zm00001d049431,Zm00001d049432,Zm00001d049433,Zm00001d049437,Zm00001d049420,Zm00001d049438,Zm00001d049426,Zm00001d049434,Zm00001d049425
Zm00001d049446,Zm00001d049445
Zm00001d049450,Zm00001d049451
Zm00001d049471,Zm00001d049475
Zm00001d048682,Zm00001d048681
Zm00001d049508,Zm00001d049509
Zm00001d049539,Zm00001d049536
Zm00001d049560,Zm00001d049559
Zm00001d048702,Zm00001d048705,Zm00001d048710,Zm00001d048703
Zm00001d049584,Zm00001d049585
Zm00001d049599,Zm00001d049588
Zm00001d049612,Zm00001d049613
Zm00001d049613,Zm00001d049614
Zm00001d048707,Zm00001d048711
Zm00001d049668,Zm00001d049666
Zm00001d049692,Zm00001d049691
Zm00001d049704,Zm00001d049697
Zm00001d048720,Zm00001d048719
Zm00001d048723,Zm00001d048726
Zm00001d048727,Zm00001d048728
Zm00001d049761,Zm00001d049762
Zm00001d049781,Zm00001d049777,Zm00001d049774
Zm00001d049789,Zm00001d049786
Zm00001d049811,Zm00001d049818
Zm00001d049824,Zm00001d049822
Zm00001d049838,Zm00001d049840,Zm00001d049842,Zm00001d049843,Zm00001d049844,Zm00001d049841
Zm00001d048739,Zm00001d048740
Zm00001d048741,Zm00001d048745
Zm00001d049855,Zm00001d049854
Zm00001d049861,Zm00001d049862
Zm00001d048752,Zm00001d048754,Zm00001d048748,Zm00001d048746,Zm00001d048757
Zm00001d048755,Zm00001d048753
Zm00001d049872,Zm00001d049871
Zm00001d048773,Zm00001d048774,Zm00001d048771,Zm00001d048776,Zm00001d048775,Zm00001d048770
Zm00001d049945,Zm00001d049944
Zm00001d049980,Zm00001d049979
Zm00001d049996,Zm00001d049997
Zm00001d048839,Zm00001d048840
Zm00001d050074,Zm00001d050077,Zm00001d050076
Zm00001d050090,Zm00001d050091
Zm00001d048865,Zm00001d048875,Zm00001d048864
Zm00001d048871,Zm00001d048872,Zm00001d048870
Zm00001d050134,Zm00001d050133
Zm00001d048874,Zm00001d048867
Zm00001d050141,Zm00001d050140
Zm00001d050160,Zm00001d050171
Zm00001d050161,Zm00001d050162
Zm00001d050169,Zm00001d050170
Zm00001d050196,Zm00001d050198
Zm00001d050207,Zm00001d050205
Zm00001d050214,Zm00001d050215
Zm00001d050259,Zm00001d050260
Zm00001d050317,Zm00001d050318
Zm00001d050333,Zm00001d050334
Zm00001d050353,Zm00001d050352
Zm00001d050443,Zm00001d050452
Zm00001d050465,Zm00001d050466
Zm00001d048593,Zm00001d048592
Zm00001d050488,Zm00001d050489
Zm00001d050503,Zm00001d050502
Zm00001d050552,Zm00001d050551
Zm00001d015592,Zm00001d015579,Zm00001d015589,Zm00001d015578
Zm00001d015605,Zm00001d015603
Zm00001d013387,Zm00001d013388,Zm00001d013386
Zm00001d015637,Zm00001d015636
Zm00001d015693,Zm00001d015692,Zm00001d015695
Zm00001d015702,Zm00001d015700
Zm00001d015703,Zm00001d015704
Zm00001d013423,Zm00001d013418
Zm00001d013435,Zm00001d013439,Zm00001d013434,Zm00001d013433,Zm00001d013440
Zm00001d015724,Zm00001d015723
Zm00001d015748,Zm00001d015747
Zm00001d015810,Zm00001d015811
Zm00001d015821,Zm00001d015825,Zm00001d015820
Zm00001d015822,Zm00001d015823
Zm00001d015845,Zm00001d015846
Zm00001d015886,Zm00001d015898
Zm00001d015914,Zm00001d015912,Zm00001d015905
Zm00001d013512,Zm00001d013516,Zm00001d013514
Zm00001d015963,Zm00001d015964
Zm00001d015975,Zm00001d015976
Zm00001d016024,Zm00001d016025,Zm00001d016035,Zm00001d016027,Zm00001d016022
Zm00001d016054,Zm00001d016056
Zm00001d016087,Zm00001d016085
Zm00001d013575,Zm00001d013578
Zm00001d016145,Zm00001d016143,Zm00001d016142,Zm00001d016140,Zm00001d016136,Zm00001d016139,Zm00001d016137
Zm00001d012872,Zm00001d012871
Zm00001d016156,Zm00001d016155
Zm00001d016158,Zm00001d016159
Zm00001d016181,Zm00001d016180
Zm00001d016185,Zm00001d016182,Zm00001d016179,Zm00001d016177
Zm00001d016203,Zm00001d016207
Zm00001d016219,Zm00001d016220,Zm00001d016221
Zm00001d016260,Zm00001d016262
Zm00001d013615,Zm00001d013614
Zm00001d013616,Zm00001d013617,Zm00001d013619
Zm00001d016286,Zm00001d016287
Zm00001d016306,Zm00001d016307
Zm00001d016340,Zm00001d016341
Zm00001d016351,Zm00001d016350
Zm00001d016381,Zm00001d016380
Zm00001d016393,Zm00001d016387
Zm00001d016395,Zm00001d016396
Zm00001d013644,Zm00001d013643
Zm00001d016417,Zm00001d016419,Zm00001d016431,Zm00001d016414,Zm00001d016415,Zm00001d016420,Zm00001d016427,Zm00001d016435,Zm00001d016429,Zm00001d016428,Zm00001d016424
Zm00001d016459,Zm00001d016460
Zm00001d016477,Zm00001d016476
Zm00001d016501,Zm00001d016502
Zm00001d013662,Zm00001d013663,Zm00001d013661
Zm00001d016539,Zm00001d016538
Zm00001d016567,Zm00001d016568
Zm00001d016569,Zm00001d016571
Zm00001d016585,Zm00001d016584
Zm00001d016613,Zm00001d016607
Zm00001d016616,Zm00001d016623
Zm00001d016648,Zm00001d016649
Zm00001d016660,Zm00001d016661
Zm00001d016730,Zm00001d016719
Zm00001d016740,Zm00001d016738,Zm00001d016741
Zm00001d016782,Zm00001d016773,Zm00001d016777
Zm00001d012899,Zm00001d012906,Zm00001d012900
Zm00001d016841,Zm00001d016842,Zm00001d016844
Zm00001d016871,Zm00001d016867,Zm00001d016868,Zm00001d016870
Zm00001d016884,Zm00001d016885
Zm00001d016900,Zm00001d016899
Zm00001d016966,Zm00001d016965
Zm00001d016967,Zm00001d016961
Zm00001d013708,Zm00001d013709
Zm00001d017009,Zm00001d017014,Zm00001d017008,Zm00001d017019
Zm00001d017021,Zm00001d017022
Zm00001d017033,Zm00001d017032
Zm00001d017043,Zm00001d017045
Zm00001d013720,Zm00001d013719
Zm00001d017114,Zm00001d017117
Zm00001d017122,Zm00001d017123
Zm00001d017165,Zm00001d017164
Zm00001d012909,Zm00001d012907,Zm00001d012908
Zm00001d012912,Zm00001d012911
Zm00001d017228,Zm00001d017229
Zm00001d017236,Zm00001d017222,Zm00001d017238,Zm00001d017237,Zm00001d017234
Zm00001d017275,Zm00001d017274,Zm00001d017279,Zm00001d017276
Zm00001d017292,Zm00001d017293
Zm00001d017294,Zm00001d017293
Zm00001d017329,Zm00001d017326
Zm00001d017335,Zm00001d017334
Zm00001d017338,Zm00001d017336,Zm00001d017340
Zm00001d017415,Zm00001d017417,Zm00001d017416
Zm00001d017419,Zm00001d017407
Zm00001d017427,Zm00001d017429
Zm00001d017458,Zm00001d017459
Zm00001d017466,Zm00001d017462
Zm00001d017477,Zm00001d017478,Zm00001d017480
Zm00001d013768,Zm00001d013769
Zm00001d017493,Zm00001d017494,Zm00001d017495
Zm00001d017499,Zm00001d017500
Zm00001d017507,Zm00001d017505
Zm00001d017510,Zm00001d017508
Zm00001d017534,Zm00001d017535
Zm00001d017570,Zm00001d017571
Zm00001d017591,Zm00001d017592
Zm00001d017612,Zm00001d017615
Zm00001d013787,Zm00001d013788
Zm00001d017647,Zm00001d017646,Zm00001d017648
Zm00001d017653,Zm00001d017645
Zm00001d013797,Zm00001d013796
Zm00001d017714,Zm00001d017713
Zm00001d017734,Zm00001d017732,Zm00001d017733,Zm00001d017737,Zm00001d017735,Zm00001d017740,Zm00001d017731,Zm00001d017736,Zm00001d017741
Zm00001d017765,Zm00001d017764
Zm00001d017787,Zm00001d017786
Zm00001d017817,Zm00001d017814
Zm00001d017840,Zm00001d017841
Zm00001d017863,Zm00001d017866
Zm00001d017865,Zm00001d017868
Zm00001d017866,Zm00001d017869,Zm00001d017864,Zm00001d017867
Zm00001d017898,Zm00001d017899
Zm00001d017918,Zm00001d017919
Zm00001d017953,Zm00001d017952
Zm00001d017969,Zm00001d017974,Zm00001d017975
Zm00001d013811,Zm00001d013809,Zm00001d013810
Zm00001d018009,Zm00001d018014
Zm00001d018047,Zm00001d018049
Zm00001d018065,Zm00001d018066
Zm00001d018085,Zm00001d018086
Zm00001d013819,Zm00001d013820
Zm00001d013821,Zm00001d013822
Zm00001d018106,Zm00001d018105,Zm00001d018107
Zm00001d018123,Zm00001d018124
Zm00001d013827,Zm00001d013825
Zm00001d018155,Zm00001d018156
Zm00001d018182,Zm00001d018185
Zm00001d018184,Zm00001d018181
Zm00001d018187,Zm00001d018183
Zm00001d018230,Zm00001d018229
Zm00001d018261,Zm00001d018262
Zm00001d018281,Zm00001d018282,Zm00001d018284
Zm00001d018319,Zm00001d018320
Zm00001d018323,Zm00001d018324,Zm00001d018321,Zm00001d018322
Zm00001d018332,Zm00001d018329
Zm00001d018336,Zm00001d018340
Zm00001d018345,Zm00001d018346
Zm00001d018413,Zm00001d018412
Zm00001d018452,Zm00001d018451
Zm00001d018499,Zm00001d018502
Zm00001d018506,Zm00001d018505
Zm00001d018562,Zm00001d018560,Zm00001d018565
Zm00001d012943,Zm00001d012947
Zm00001d012949,Zm00001d012946
Zm00001d012958,Zm00001d012942
Zm00001d012801,Zm00001d012806
Zm00001d013900,Zm00001d013903
Zm00001d013904,Zm00001d013901
Zm00001d012968,Zm00001d012967
Zm00001d013949,Zm00001d013945
Zm00001d013955,Zm00001d013950
Zm00001d012980,Zm00001d012981,Zm00001d012982,Zm00001d012979
Zm00001d013986,Zm00001d013988
Zm00001d014025,Zm00001d014027
Zm00001d012999,Zm00001d013002
Zm00001d014063,Zm00001d014056,Zm00001d014062
Zm00001d014066,Zm00001d014070,Zm00001d014072
Zm00001d014136,Zm00001d014134
Zm00001d014153,Zm00001d014155
Zm00001d014159,Zm00001d014160
Zm00001d013035,Zm00001d013037
Zm00001d014196,Zm00001d014194
Zm00001d014241,Zm00001d014239
Zm00001d014250,Zm00001d014253
Zm00001d014302,Zm00001d014303
Zm00001d014328,Zm00001d014329
Zm00001d013066,Zm00001d013067
Zm00001d014351,Zm00001d014352,Zm00001d014353
Zm00001d014369,Zm00001d014367
Zm00001d014378,Zm00001d014379
Zm00001d014394,Zm00001d014397
Zm00001d014395,Zm00001d014399
Zm00001d014425,Zm00001d014426
Zm00001d014445,Zm00001d014446
Zm00001d014447,Zm00001d014443
Zm00001d014456,Zm00001d014458,Zm00001d014451
Zm00001d013114,Zm00001d013115
Zm00001d014468,Zm00001d014470,Zm00001d014469
Zm00001d014511,Zm00001d014510
Zm00001d014542,Zm00001d014548,Zm00001d014540
Zm00001d014557,Zm00001d014555
Zm00001d014583,Zm00001d014581
Zm00001d014589,Zm00001d014588
Zm00001d014608,Zm00001d014601,Zm00001d014603,Zm00001d014606,Zm00001d014602
Zm00001d014614,Zm00001d014615,Zm00001d014613
Zm00001d014623,Zm00001d014625
Zm00001d014630,Zm00001d014628,Zm00001d014629
Zm00001d014652,Zm00001d014650,Zm00001d014654,Zm00001d014649
Zm00001d014721,Zm00001d014722
Zm00001d013182,Zm00001d013183
Zm00001d014732,Zm00001d014731
Zm00001d014737,Zm00001d014734
Zm00001d013188,Zm00001d013190
Zm00001d014818,Zm00001d014817,Zm00001d014820,Zm00001d014819
Zm00001d014835,Zm00001d014834,Zm00001d014839
Zm00001d014842,Zm00001d014840
Zm00001d014867,Zm00001d014866,Zm00001d014865
Zm00001d014882,Zm00001d014880
Zm00001d014883,Zm00001d014880
Zm00001d014903,Zm00001d014906
Zm00001d013225,Zm00001d013228
Zm00001d013231,Zm00001d013230,Zm00001d013226,Zm00001d013229
Zm00001d014944,Zm00001d014945
Zm00001d014948,Zm00001d014951
Zm00001d014957,Zm00001d014954
Zm00001d014963,Zm00001d014964
Zm00001d013246,Zm00001d013244
Zm00001d014973,Zm00001d014968
Zm00001d014974,Zm00001d014972
Zm00001d015006,Zm00001d015005
Zm00001d013259,Zm00001d013258
Zm00001d015022,Zm00001d015021
Zm00001d015044,Zm00001d015045
Zm00001d015050,Zm00001d015058
Zm00001d015052,Zm00001d015057,Zm00001d015047,Zm00001d015041
Zm00001d015054,Zm00001d015053
Zm00001d015067,Zm00001d015071,Zm00001d015073
Zm00001d015076,Zm00001d015079,Zm00001d015068,Zm00001d015070,Zm00001d015072,Zm00001d015075,Zm00001d015077
Zm00001d013268,Zm00001d013269
Zm00001d015097,Zm00001d015098
Zm00001d013274,Zm00001d013275
Zm00001d015174,Zm00001d015175
Zm00001d015196,Zm00001d015197
Zm00001d013286,Zm00001d013285
Zm00001d015212,Zm00001d015211
Zm00001d015220,Zm00001d015217,Zm00001d015216,Zm00001d015224
Zm00001d015227,Zm00001d015228
Zm00001d015229,Zm00001d015228
Zm00001d015239,Zm00001d015234
Zm00001d015255,Zm00001d015253
Zm00001d015332,Zm00001d015331
Zm00001d015372,Zm00001d015367
Zm00001d015405,Zm00001d015404,Zm00001d015406
Zm00001d015426,Zm00001d015427
Zm00001d015444,Zm00001d015445
Zm00001d015491,Zm00001d015490
Zm00001d015499,Zm00001d015495
Zm00001d012833,Zm00001d012834
Zm00001d015557,Zm00001d015556
Zm00001d013365,Zm00001d013366
Zm00001d012840,Zm00001d012839
Zm00001d015581,Zm00001d015594
Zm00001d036802,Zm00001d036803
Zm00001d036804,Zm00001d036801
Zm00001d036818,Zm00001d036824,Zm00001d036819,Zm00001d036815,Zm00001d036816,Zm00001d036820,Zm00001d036821,Zm00001d036822,Zm00001d036823
Zm00001d036836,Zm00001d036838
Zm00001d036845,Zm00001d036840,Zm00001d036847
Zm00001d036853,Zm00001d036856,Zm00001d036865,Zm00001d036864,Zm00001d036855
Zm00001d036879,Zm00001d036872
Zm00001d036912,Zm00001d036911
Zm00001d036936,Zm00001d036940
Zm00001d036941,Zm00001d036942
Zm00001d037009,Zm00001d037008
Zm00001d037023,Zm00001d037019
Zm00001d037025,Zm00001d037024
Zm00001d037031,Zm00001d037012
Zm00001d037043,Zm00001d037042
Zm00001d037059,Zm00001d037060
Zm00001d037066,Zm00001d037080
Zm00001d037077,Zm00001d037075
Zm00001d037082,Zm00001d037081
Zm00001d037089,Zm00001d037091
Zm00001d037114,Zm00001d037112
Zm00001d037130,Zm00001d037134
Zm00001d037133,Zm00001d037128
Zm00001d037153,Zm00001d037155
Zm00001d037172,Zm00001d037171
Zm00001d037195,Zm00001d037196
Zm00001d037205,Zm00001d037204
Zm00001d037214,Zm00001d037213
Zm00001d037245,Zm00001d037244
Zm00001d037250,Zm00001d037248,Zm00001d037249
Zm00001d037265,Zm00001d037266
Zm00001d037303,Zm00001d037301
Zm00001d037317,Zm00001d037316
Zm00001d037384,Zm00001d037383,Zm00001d037382
Zm00001d037386,Zm00001d037389
Zm00001d037392,Zm00001d037391
Zm00001d037397,Zm00001d037398
Zm00001d037409,Zm00001d037411
Zm00001d037417,Zm00001d037415
Zm00001d037495,Zm00001d037496
Zm00001d037518,Zm00001d037519
Zm00001d037550,Zm00001d037547
Zm00001d037560,Zm00001d037559
Zm00001d037579,Zm00001d037580,Zm00001d037577
Zm00001d037599,Zm00001d037602
Zm00001d037608,Zm00001d037610
Zm00001d037619,Zm00001d037611
Zm00001d037632,Zm00001d037631
Zm00001d037650,Zm00001d037648
Zm00001d037656,Zm00001d037653
Zm00001d037672,Zm00001d037666,Zm00001d037682
Zm00001d037680,Zm00001d037681
Zm00001d037717,Zm00001d037700
Zm00001d037725,Zm00001d037727
Zm00001d037740,Zm00001d037741
Zm00001d037810,Zm00001d037811
Zm00001d035001,Zm00001d035003,Zm00001d035002
Zm00001d037840,Zm00001d037839
Zm00001d037873,Zm00001d037877,Zm00001d037875,Zm00001d037882
Zm00001d037886,Zm00001d037884
Zm00001d037909,Zm00001d037914
Zm00001d037945,Zm00001d037943
Zm00001d037949,Zm00001d037956
Zm00001d037962,Zm00001d037961
Zm00001d037985,Zm00001d037988
Zm00001d037994,Zm00001d037998,Zm00001d037999
Zm00001d038043,Zm00001d038025,Zm00001d038031,Zm00001d038010,Zm00001d038024
Zm00001d038049,Zm00001d038052
Zm00001d038066,Zm00001d038065
Zm00001d038073,Zm00001d038074
Zm00001d038163,Zm00001d038161
Zm00001d038178,Zm00001d038177
Zm00001d035226,Zm00001d035215
Zm00001d038186,Zm00001d038181,Zm00001d038185,Zm00001d038179,Zm00001d038180
Zm00001d038207,Zm00001d038221
Zm00001d038272,Zm00001d038271
Zm00001d038285,Zm00001d038284,Zm00001d038283
Zm00001d038333,Zm00001d038334,Zm00001d038335
Zm00001d035228,Zm00001d035229
Zm00001d038363,Zm00001d038365,Zm00001d038364
Zm00001d038383,Zm00001d038384
Zm00001d038404,Zm00001d038405
Zm00001d035230,Zm00001d035224,Zm00001d035234
Zm00001d038418,Zm00001d038429,Zm00001d038428,Zm00001d038414,Zm00001d038415,Zm00001d038413,Zm00001d038424,Zm00001d038425
Zm00001d038459,Zm00001d038452
Zm00001d038460,Zm00001d038453
Zm00001d038485,Zm00001d038481,Zm00001d038487,Zm00001d038484,Zm00001d038488
Zm00001d038494,Zm00001d038503
Zm00001d038522,Zm00001d038520
Zm00001d038526,Zm00001d038523
Zm00001d038543,Zm00001d038545
Zm00001d038549,Zm00001d038551
Zm00001d038553,Zm00001d038544
Zm00001d038574,Zm00001d038575
Zm00001d038577,Zm00001d038578
Zm00001d038585,Zm00001d038584
Zm00001d038599,Zm00001d038598
Zm00001d038604,Zm00001d038605
Zm00001d038614,Zm00001d038613
Zm00001d038633,Zm00001d038634,Zm00001d038640
Zm00001d038652,Zm00001d038653
Zm00001d038699,Zm00001d038700,Zm00001d038703,Zm00001d038702
Zm00001d038721,Zm00001d038720
Zm00001d038741,Zm00001d038740
Zm00001d038765,Zm00001d038764,Zm00001d038763
Zm00001d038811,Zm00001d038812,Zm00001d038813
Zm00001d038830,Zm00001d038831
Zm00001d038845,Zm00001d038844
Zm00001d038847,Zm00001d038848
Zm00001d038875,Zm00001d038874
Zm00001d038884,Zm00001d038883
Zm00001d038885,Zm00001d038886
Zm00001d038889,Zm00001d038887
Zm00001d038911,Zm00001d038913
Zm00001d038918,Zm00001d038919,Zm00001d038920
Zm00001d038931,Zm00001d038932
Zm00001d038969,Zm00001d038968
Zm00001d038987,Zm00001d038991
Zm00001d035246,Zm00001d035249
Zm00001d039022,Zm00001d039026
Zm00001d039051,Zm00001d039052
Zm00001d039057,Zm00001d039058
Zm00001d039088,Zm00001d039087
Zm00001d039091,Zm00001d039090
Zm00001d039098,Zm00001d039099
Zm00001d039119,Zm00001d039118
Zm00001d039121,Zm00001d039123
Zm00001d039129,Zm00001d039130
Zm00001d039133,Zm00001d039132
Zm00001d039152,Zm00001d039151
Zm00001d035247,Zm00001d035248
Zm00001d039176,Zm00001d039180
Zm00001d039184,Zm00001d039183
Zm00001d039209,Zm00001d039210
Zm00001d039214,Zm00001d039213
Zm00001d039231,Zm00001d039218
Zm00001d035257,Zm00001d035262
Zm00001d035261,Zm00001d035258
Zm00001d035292,Zm00001d035272,Zm00001d035274
Zm00001d035020,Zm00001d035021
Zm00001d035327,Zm00001d035326
Zm00001d035342,Zm00001d035343
Zm00001d035377,Zm00001d035376
Zm00001d035381,Zm00001d035383
Zm00001d035389,Zm00001d035392
Zm00001d035398,Zm00001d035399
Zm00001d035401,Zm00001d035400
Zm00001d035428,Zm00001d035434
Zm00001d035037,Zm00001d035038
Zm00001d035476,Zm00001d035479
Zm00001d035494,Zm00001d035495
Zm00001d035543,Zm00001d035542
Zm00001d035551,Zm00001d035552
Zm00001d035558,Zm00001d035562,Zm00001d035559,Zm00001d035561,Zm00001d035560
Zm00001d035056,Zm00001d035063
Zm00001d035057,Zm00001d035064,Zm00001d035056
Zm00001d035587,Zm00001d035588,Zm00001d035585,Zm00001d035584
Zm00001d035591,Zm00001d035592
Zm00001d035600,Zm00001d035599
Zm00001d035605,Zm00001d035604
Zm00001d035606,Zm00001d035607
Zm00001d035612,Zm00001d035614
Zm00001d035618,Zm00001d035617,Zm00001d035619
Zm00001d035621,Zm00001d035626
Zm00001d035628,Zm00001d035624
Zm00001d035629,Zm00001d035625
Zm00001d035640,Zm00001d035638
Zm00001d035076,Zm00001d035084
Zm00001d035659,Zm00001d035662
Zm00001d035664,Zm00001d035665
Zm00001d035670,Zm00001d035671
Zm00001d035681,Zm00001d035680,Zm00001d035683,Zm00001d035684
Zm00001d035717,Zm00001d035713,Zm00001d035714
Zm00001d035722,Zm00001d035720
Zm00001d035726,Zm00001d035725
Zm00001d035756,Zm00001d035753
Zm00001d035089,Zm00001d035088
Zm00001d035797,Zm00001d035807
Zm00001d035817,Zm00001d035818
Zm00001d035823,Zm00001d035833
Zm00001d035841,Zm00001d035842
Zm00001d035862,Zm00001d035863
Zm00001d035112,Zm00001d035100,Zm00001d035111,Zm00001d035108,Zm00001d035109,Zm00001d035102,Zm00001d035101,Zm00001d035104
Zm00001d035876,Zm00001d035875
Zm00001d035881,Zm00001d035879
Zm00001d035901,Zm00001d035902
Zm00001d035921,Zm00001d035922
Zm00001d035937,Zm00001d035935
Zm00001d035953,Zm00001d035954
Zm00001d035125,Zm00001d035129
Zm00001d035974,Zm00001d035975
Zm00001d035143,Zm00001d035145
Zm00001d036066,Zm00001d036069,Zm00001d036072,Zm00001d036068
Zm00001d036097,Zm00001d036098
Zm00001d036110,Zm00001d036112
Zm00001d035163,Zm00001d035166,Zm00001d035157,Zm00001d035162,Zm00001d035161
Zm00001d036139,Zm00001d036142
Zm00001d036228,Zm00001d036229
Zm00001d036241,Zm00001d036238,Zm00001d036237
Zm00001d036261,Zm00001d036263,Zm00001d036262
Zm00001d036267,Zm00001d036270,Zm00001d036272
Zm00001d036278,Zm00001d036275,Zm00001d036274,Zm00001d036277
Zm00001d036311,Zm00001d036324
Zm00001d036318,Zm00001d036315
Zm00001d035183,Zm00001d035172,Zm00001d035174
Zm00001d036370,Zm00001d036366
Zm00001d036373,Zm00001d036376
Zm00001d036375,Zm00001d036378,Zm00001d036374
Zm00001d036455,Zm00001d036459
Zm00001d036464,Zm00001d036467
Zm00001d036465,Zm00001d036468
Zm00001d036512,Zm00001d036527
Zm00001d036532,Zm00001d036534
Zm00001d036541,Zm00001d036542
Zm00001d036568,Zm00001d036567,Zm00001d036565
Zm00001d036594,Zm00001d036595
Zm00001d036621,Zm00001d036622
Zm00001d036643,Zm00001d036641,Zm00001d036646,Zm00001d036647
Zm00001d036660,Zm00001d036655,Zm00001d036663
Zm00001d036666,Zm00001d036664
Zm00001d036693,Zm00001d036694
Zm00001d036723,Zm00001d036724
Zm00001d036755,Zm00001d036752
Zm00001d036758,Zm00001d036756
Zm00001d036760,Zm00001d036763,Zm00001d036762,Zm00001d036761
Zm00001d020219,Zm00001d020220
Zm00001d020251,Zm00001d020250
Zm00001d020261,Zm00001d020260
Zm00001d020265,Zm00001d020266
Zm00001d020280,Zm00001d020277,Zm00001d020282,Zm00001d020281,Zm00001d020279
Zm00001d020283,Zm00001d020284
Zm00001d020297,Zm00001d020298
Zm00001d020306,Zm00001d020307,Zm00001d020308
Zm00001d020320,Zm00001d020319
Zm00001d020351,Zm00001d020350
Zm00001d018966,Zm00001d018965
Zm00001d020384,Zm00001d020382
Zm00001d020400,Zm00001d020401,Zm00001d020402
Zm00001d020408,Zm00001d020405
Zm00001d018977,Zm00001d018976
Zm00001d020460,Zm00001d020459
Zm00001d018619,Zm00001d018618,Zm00001d018620
Zm00001d020472,Zm00001d020476
Zm00001d020475,Zm00001d020468
Zm00001d020492,Zm00001d020495
Zm00001d020496,Zm00001d020497
Zm00001d020502,Zm00001d020501
Zm00001d020504,Zm00001d020503
Zm00001d020524,Zm00001d020521
Zm00001d020530,Zm00001d020528
Zm00001d020543,Zm00001d020544
Zm00001d020550,Zm00001d020551
Zm00001d020556,Zm00001d020555
Zm00001d020568,Zm00001d020563
Zm00001d020573,Zm00001d020574,Zm00001d020575,Zm00001d020577
Zm00001d020584,Zm00001d020585
Zm00001d018995,Zm00001d019001,Zm00001d018989,Zm00001d018990,Zm00001d019000,Zm00001d018994,Zm00001d018998
Zm00001d020652,Zm00001d020651
Zm00001d020666,Zm00001d020664,Zm00001d020665
Zm00001d020728,Zm00001d020727
Zm00001d020735,Zm00001d020742,Zm00001d020741,Zm00001d020736,Zm00001d020738,Zm00001d020740,Zm00001d020744,Zm00001d020737,Zm00001d020732
Zm00001d020754,Zm00001d020751,Zm00001d020752,Zm00001d020750
Zm00001d020760,Zm00001d020761
Zm00001d020789,Zm00001d020791
Zm00001d020793,Zm00001d020794
Zm00001d020834,Zm00001d020825
Zm00001d020862,Zm00001d020856
Zm00001d020864,Zm00001d020863
Zm00001d020887,Zm00001d020886
Zm00001d020898,Zm00001d020888
Zm00001d019034,Zm00001d019035
Zm00001d018631,Zm00001d018628,Zm00001d018629,Zm00001d018630
Zm00001d020961,Zm00001d020957,Zm00001d020958,Zm00001d020960
Zm00001d020967,Zm00001d020968
Zm00001d018632,Zm00001d018633
Zm00001d021016,Zm00001d021017
Zm00001d021018,Zm00001d021020
Zm00001d021047,Zm00001d021048
Zm00001d021093,Zm00001d021095,Zm00001d021094
Zm00001d021115,Zm00001d021117,Zm00001d021097,Zm00001d021107,Zm00001d021099,Zm00001d021103
Zm00001d019059,Zm00001d019057
Zm00001d021168,Zm00001d021167
Zm00001d021189,Zm00001d021191
Zm00001d021205,Zm00001d021207,Zm00001d021208,Zm00001d021214
Zm00001d021263,Zm00001d021264
Zm00001d021287,Zm00001d021286
Zm00001d021329,Zm00001d021324
Zm00001d019064,Zm00001d019066,Zm00001d019065
Zm00001d021423,Zm00001d021424
Zm00001d021444,Zm00001d021443
Zm00001d021456,Zm00001d021455,Zm00001d021454,Zm00001d021459,Zm00001d021457
Zm00001d021462,Zm00001d021463
Zm00001d021469,Zm00001d021470
Zm00001d021484,Zm00001d021485
Zm00001d021489,Zm00001d021488
Zm00001d021492,Zm00001d021491
Zm00001d021505,Zm00001d021504
Zm00001d021508,Zm00001d021511
Zm00001d021565,Zm00001d021564
Zm00001d021572,Zm00001d021576,Zm00001d021577,Zm00001d021571
Zm00001d019086,Zm00001d019084,Zm00001d019079
Zm00001d021630,Zm00001d021632
Zm00001d021655,Zm00001d021656
Zm00001d021682,Zm00001d021684,Zm00001d021683,Zm00001d021680,Zm00001d021679
Zm00001d021689,Zm00001d021688,Zm00001d021686,Zm00001d021696,Zm00001d021699,Zm00001d021698,Zm00001d021692,Zm00001d021693
Zm00001d021697,Zm00001d021695,Zm00001d021690
Zm00001d021706,Zm00001d021707
Zm00001d021727,Zm00001d021726
Zm00001d021729,Zm00001d021737
Zm00001d021731,Zm00001d021732,Zm00001d021736
Zm00001d021734,Zm00001d021733
Zm00001d021752,Zm00001d021753,Zm00001d021747
Zm00001d021757,Zm00001d021755
Zm00001d021824,Zm00001d021825
Zm00001d021826,Zm00001d021824
Zm00001d019098,Zm00001d019096
Zm00001d021867,Zm00001d021864
Zm00001d021868,Zm00001d021866
Zm00001d021887,Zm00001d021886
Zm00001d021896,Zm00001d021897
Zm00001d018648,Zm00001d018650,Zm00001d018649,Zm00001d018652
Zm00001d021943,Zm00001d021938,Zm00001d021935,Zm00001d021936,Zm00001d021942
Zm00001d021990,Zm00001d021992
Zm00001d021993,Zm00001d021991
Zm00001d022026,Zm00001d022025
Zm00001d022035,Zm00001d022036
Zm00001d022048,Zm00001d022052
Zm00001d022053,Zm00001d022055,Zm00001d022057
Zm00001d022081,Zm00001d022082
Zm00001d022089,Zm00001d022090
Zm00001d022120,Zm00001d022117
Zm00001d022122,Zm00001d022119
Zm00001d022170,Zm00001d022169
Zm00001d019108,Zm00001d019114
Zm00001d022193,Zm00001d022192
Zm00001d022217,Zm00001d022222
Zm00001d022218,Zm00001d022223
Zm00001d022267,Zm00001d022268,Zm00001d022269
Zm00001d022271,Zm00001d022270
Zm00001d018593,Zm00001d018594
Zm00001d022290,Zm00001d022284,Zm00001d022281,Zm00001d022282,Zm00001d022283,Zm00001d022280,Zm00001d022279,Zm00001d022289
Zm00001d022318,Zm00001d022319
Zm00001d022320,Zm00001d022317
Zm00001d022327,Zm00001d022323,Zm00001d022326
Zm00001d022346,Zm00001d022343,Zm00001d022344
Zm00001d022357,Zm00001d022361
Zm00001d022360,Zm00001d022356
Zm00001d022415,Zm00001d022416
Zm00001d022421,Zm00001d022420
Zm00001d022450,Zm00001d022451
Zm00001d022453,Zm00001d022457,Zm00001d022456,Zm00001d022458
Zm00001d019120,Zm00001d019122
Zm00001d022556,Zm00001d022555
Zm00001d022560,Zm00001d022554
Zm00001d022576,Zm00001d022575
Zm00001d022643,Zm00001d022637
Zm00001d019214,Zm00001d019213
Zm00001d018673,Zm00001d018670
Zm00001d019228,Zm00001d019227
Zm00001d019251,Zm00001d019250
Zm00001d019258,Zm00001d019256,Zm00001d019265,Zm00001d019254,Zm00001d019259
Zm00001d019271,Zm00001d019270,Zm00001d019274
Zm00001d019276,Zm00001d019275
Zm00001d018682,Zm00001d018683
Zm00001d019279,Zm00001d019280
Zm00001d019291,Zm00001d019290
Zm00001d018691,Zm00001d018687,Zm00001d018681,Zm00001d018680,Zm00001d018674,Zm00001d018692,Zm00001d018685,Zm00001d018686,Zm00001d018690
Zm00001d019304,Zm00001d019303
Zm00001d019311,Zm00001d019306
Zm00001d018700,Zm00001d018701
Zm00001d018703,Zm00001d018705,Zm00001d018714
Zm00001d019331,Zm00001d019332
Zm00001d019333,Zm00001d019334
Zm00001d018709,Zm00001d018707,Zm00001d018708
Zm00001d019354,Zm00001d019356
Zm00001d019374,Zm00001d019373
Zm00001d019380,Zm00001d019385,Zm00001d019394
Zm00001d019400,Zm00001d019399
Zm00001d019405,Zm00001d019406,Zm00001d019407
Zm00001d019413,Zm00001d019411
Zm00001d019414,Zm00001d019415
Zm00001d019459,Zm00001d019461
Zm00001d018737,Zm00001d018738,Zm00001d018734
Zm00001d019549,Zm00001d019550
Zm00001d019560,Zm00001d019557
Zm00001d018754,Zm00001d018752
Zm00001d019563,Zm00001d019565
Zm00001d019568,Zm00001d019567
Zm00001d018765,Zm00001d018763,Zm00001d018761
Zm00001d019681,Zm00001d019684
Zm00001d019725,Zm00001d019726
Zm00001d019734,Zm00001d019744
Zm00001d019756,Zm00001d019757
Zm00001d019765,Zm00001d019766
Zm00001d018815,Zm00001d018814
Zm00001d019803,Zm00001d019794
Zm00001d019805,Zm00001d019806,Zm00001d019807
Zm00001d019808,Zm00001d019809
Zm00001d018837,Zm00001d018830
Zm00001d019854,Zm00001d019863,Zm00001d019864
Zm00001d018845,Zm00001d018844
Zm00001d018847,Zm00001d018846
Zm00001d018851,Zm00001d018850
Zm00001d019890,Zm00001d019892
Zm00001d018855,Zm00001d018854,Zm00001d018853,Zm00001d018848,Zm00001d018857
Zm00001d019915,Zm00001d019917,Zm00001d019916
Zm00001d019948,Zm00001d019949
Zm00001d019961,Zm00001d019951,Zm00001d019960
Zm00001d019968,Zm00001d019967
Zm00001d018879,Zm00001d018876,Zm00001d018874,Zm00001d018880,Zm00001d018877
Zm00001d019990,Zm00001d019989
Zm00001d020019,Zm00001d020020
Zm00001d020071,Zm00001d020072
Zm00001d018614,Zm00001d018615
Zm00001d020086,Zm00001d020087
Zm00001d020093,Zm00001d020094
Zm00001d018914,Zm00001d018913
Zm00001d020117,Zm00001d020112
Zm00001d018918,Zm00001d018924
Zm00001d020134,Zm00001d020135
Zm00001d020136,Zm00001d020137
Zm00001d020141,Zm00001d020140
Zm00001d020171,Zm00001d020172
Zm00001d020185,Zm00001d020183,Zm00001d020184
Zm00001d010149,Zm00001d010146
Zm00001d010152,Zm00001d010162
Zm00001d008494,Zm00001d008495,Zm00001d008496
Zm00001d010210,Zm00001d010209
Zm00001d010232,Zm00001d010233
Zm00001d010255,Zm00001d010251
Zm00001d010259,Zm00001d010261
Zm00001d010269,Zm00001d010266
Zm00001d010296,Zm00001d010297,Zm00001d010299,Zm00001d010302
Zm00001d010343,Zm00001d010345,Zm00001d010348,Zm00001d010353
Zm00001d010356,Zm00001d010344,Zm00001d010347
Zm00001d010397,Zm00001d010398
Zm00001d010421,Zm00001d010420
Zm00001d010442,Zm00001d010448
Zm00001d010450,Zm00001d010451
Zm00001d008525,Zm00001d008524
Zm00001d010550,Zm00001d010551
Zm00001d010599,Zm00001d010588
Zm00001d010606,Zm00001d010604
Zm00001d010659,Zm00001d010649,Zm00001d010650
Zm00001d010675,Zm00001d010673
Zm00001d010689,Zm00001d010690
Zm00001d010698,Zm00001d010699
Zm00001d010700,Zm00001d010687
Zm00001d010751,Zm00001d010749
Zm00001d010765,Zm00001d010776,Zm00001d010762,Zm00001d010774,Zm00001d010771,Zm00001d010775
Zm00001d010772,Zm00001d010768,Zm00001d010763
Zm00001d010782,Zm00001d010773,Zm00001d010764,Zm00001d010770,Zm00001d010779
Zm00001d010876,Zm00001d010875
Zm00001d010907,Zm00001d010906
Zm00001d010909,Zm00001d010919
Zm00001d010926,Zm00001d010924,Zm00001d010925
Zm00001d010987,Zm00001d010988
Zm00001d010991,Zm00001d010992
Zm00001d008586,Zm00001d008581,Zm00001d008585,Zm00001d008583,Zm00001d008582,Zm00001d008584
Zm00001d011001,Zm00001d011002
Zm00001d011004,Zm00001d011005
Zm00001d011034,Zm00001d011035
Zm00001d011079,Zm00001d011080
Zm00001d011087,Zm00001d011086
Zm00001d011105,Zm00001d011107
Zm00001d011127,Zm00001d011126
Zm00001d008598,Zm00001d008599
Zm00001d011131,Zm00001d011132
Zm00001d011150,Zm00001d011149
Zm00001d008602,Zm00001d008601
Zm00001d011210,Zm00001d011211
Zm00001d011260,Zm00001d011262
Zm00001d011291,Zm00001d011292
Zm00001d011315,Zm00001d011319
Zm00001d011326,Zm00001d011327
Zm00001d011340,Zm00001d011342,Zm00001d011345
Zm00001d011349,Zm00001d011348
Zm00001d011367,Zm00001d011368
Zm00001d011379,Zm00001d011382
Zm00001d011386,Zm00001d011387
Zm00001d011417,Zm00001d011418,Zm00001d011422,Zm00001d011419,Zm00001d011420
Zm00001d011428,Zm00001d011429
Zm00001d011444,Zm00001d011445
Zm00001d008633,Zm00001d008632,Zm00001d008631
Zm00001d011513,Zm00001d011507
Zm00001d008635,Zm00001d008634
Zm00001d011550,Zm00001d011551
Zm00001d011563,Zm00001d011564
Zm00001d011572,Zm00001d011573
Zm00001d011584,Zm00001d011583,Zm00001d011582
Zm00001d011589,Zm00001d011590
Zm00001d008645,Zm00001d008646
Zm00001d011629,Zm00001d011628,Zm00001d011625,Zm00001d011626
Zm00001d011643,Zm00001d011641
Zm00001d011645,Zm00001d011646
Zm00001d011655,Zm00001d011656,Zm00001d011654
Zm00001d011692,Zm00001d011694,Zm00001d011693
Zm00001d011729,Zm00001d011723
Zm00001d011737,Zm00001d011736
Zm00001d011751,Zm00001d011752
Zm00001d011754,Zm00001d011753
Zm00001d008663,Zm00001d008662
Zm00001d011908,Zm00001d011912
Zm00001d011921,Zm00001d011922
Zm00001d011924,Zm00001d011926,Zm00001d011925
Zm00001d011964,Zm00001d011959
Zm00001d011981,Zm00001d011983
Zm00001d012024,Zm00001d012021,Zm00001d012022,Zm00001d012023
Zm00001d012042,Zm00001d012044
Zm00001d008671,Zm00001d008674,Zm00001d008672
Zm00001d012092,Zm00001d012095
Zm00001d012114,Zm00001d012122,Zm00001d012124
Zm00001d012147,Zm00001d012152
Zm00001d012229,Zm00001d012231
Zm00001d012233,Zm00001d012232
Zm00001d012249,Zm00001d012252
Zm00001d012251,Zm00001d012248
Zm00001d012294,Zm00001d012295
Zm00001d012301,Zm00001d012306
Zm00001d012314,Zm00001d012315
Zm00001d012327,Zm00001d012329
Zm00001d012362,Zm00001d012367
Zm00001d012373,Zm00001d012363,Zm00001d012366,Zm00001d012368,Zm00001d012371,Zm00001d012377,Zm00001d012375
Zm00001d012400,Zm00001d012399
Zm00001d012430,Zm00001d012427
Zm00001d012445,Zm00001d012441
Zm00001d012532,Zm00001d012533
Zm00001d012574,Zm00001d012573
Zm00001d012585,Zm00001d012584
Zm00001d012597,Zm00001d012596
Zm00001d012609,Zm00001d012600
Zm00001d008720,Zm00001d008721
Zm00001d012628,Zm00001d012627,Zm00001d012629
Zm00001d008724,Zm00001d008715
Zm00001d012697,Zm00001d012696
Zm00001d012742,Zm00001d012741
Zm00001d012772,Zm00001d012773
Zm00001d012788,Zm00001d012782,Zm00001d012785,Zm00001d012780,Zm00001d012781
Zm00001d008766,Zm00001d008773
Zm00001d008772,Zm00001d008769
Zm00001d008794,Zm00001d008793
Zm00001d008837,Zm00001d008836
Zm00001d008891,Zm00001d008899,Zm00001d008901
Zm00001d008903,Zm00001d008905
Zm00001d008925,Zm00001d008929,Zm00001d008928,Zm00001d008927,Zm00001d008934
Zm00001d008965,Zm00001d008966
Zm00001d008984,Zm00001d008990,Zm00001d008987,Zm00001d008985
Zm00001d009023,Zm00001d009024
Zm00001d008261,Zm00001d008260
Zm00001d009082,Zm00001d009083
Zm00001d009121,Zm00001d009119
Zm00001d009124,Zm00001d009113
Zm00001d009140,Zm00001d009138
Zm00001d008289,Zm00001d008291
Zm00001d009220,Zm00001d009221
Zm00001d009231,Zm00001d009230
Zm00001d008299,Zm00001d008300
Zm00001d008307,Zm00001d008308
Zm00001d008314,Zm00001d008318
Zm00001d008322,Zm00001d008323
Zm00001d009315,Zm00001d009314
Zm00001d008331,Zm00001d008332
Zm00001d009317,Zm00001d009316
Zm00001d009337,Zm00001d009336
Zm00001d009362,Zm00001d009361
Zm00001d009374,Zm00001d009392
Zm00001d009448,Zm00001d009447
Zm00001d009461,Zm00001d009462
Zm00001d009541,Zm00001d009542
Zm00001d009567,Zm00001d009566
Zm00001d009605,Zm00001d009600,Zm00001d009603
Zm00001d008399,Zm00001d008403
Zm00001d009626,Zm00001d009620
Zm00001d009657,Zm00001d009652,Zm00001d009653,Zm00001d009656
Zm00001d009676,Zm00001d009671,Zm00001d009672
Zm00001d009705,Zm00001d009706
Zm00001d009732,Zm00001d009734
Zm00001d009733,Zm00001d009731
Zm00001d009735,Zm00001d009733
Zm00001d009738,Zm00001d009737
Zm00001d008412,Zm00001d008413
Zm00001d009870,Zm00001d009868
Zm00001d008433,Zm00001d008434
Zm00001d009886,Zm00001d009887
Zm00001d009894,Zm00001d009895
Zm00001d008452,Zm00001d008450
Zm00001d009950,Zm00001d009948
Zm00001d009965,Zm00001d009952
Zm00001d010032,Zm00001d010031
Zm00001d010034,Zm00001d010036
Zm00001d010043,Zm00001d010044
Zm00001d008477,Zm00001d008468,Zm00001d008465,Zm00001d008460,Zm00001d008467,Zm00001d008488,Zm00001d008458,Zm00001d008489,Zm00001d008457,Zm00001d008485,Zm00001d008462,Zm00001d008487,Zm00001d008466,Zm00001d008478,Zm00001d008479,Zm00001d008461
Zm00001d010094,Zm00001d010093,Zm00001d010102,Zm00001d010105
Zm00001d010103,Zm00001d010098,Zm00001d010104,Zm00001d010099,Zm00001d010101
Zm00001d010118,Zm00001d010117
Zm00001d046651,Zm00001d046649
Zm00001d046655,Zm00001d046643
Zm00001d046667,Zm00001d046668
Zm00001d046675,Zm00001d046673
Zm00001d045013,Zm00001d044995
Zm00001d046697,Zm00001d046700,Zm00001d046705,Zm00001d046711,Zm00001d046714,Zm00001d046706,Zm00001d046713
Zm00001d046703,Zm00001d046704
Zm00001d046743,Zm00001d046745,Zm00001d046746
Zm00001d046766,Zm00001d046765
Zm00001d046797,Zm00001d046795
Zm00001d045030,Zm00001d045031
Zm00001d046800,Zm00001d046801,Zm00001d046794,Zm00001d046798
Zm00001d046812,Zm00001d046813
Zm00001d046831,Zm00001d046828
Zm00001d046832,Zm00001d046833
Zm00001d046839,Zm00001d046842
Zm00001d046841,Zm00001d046840
Zm00001d046859,Zm00001d046846
Zm00001d046881,Zm00001d046875
Zm00001d046921,Zm00001d046922
Zm00001d046939,Zm00001d046941
Zm00001d045056,Zm00001d045064
Zm00001d045059,Zm00001d045061
Zm00001d046986,Zm00001d046993
Zm00001d045070,Zm00001d045071
Zm00001d047030,Zm00001d047028
Zm00001d047032,Zm00001d047033
Zm00001d047066,Zm00001d047064
Zm00001d047087,Zm00001d047089,Zm00001d047090,Zm00001d047091,Zm00001d047094,Zm00001d047096,Zm00001d047093
Zm00001d047097,Zm00001d047099
Zm00001d047115,Zm00001d047111,Zm00001d047114,Zm00001d047117,Zm00001d047113,Zm00001d047116
Zm00001d047142,Zm00001d047146,Zm00001d047147
Zm00001d047161,Zm00001d047160
Zm00001d047170,Zm00001d047169
Zm00001d045088,Zm00001d045086
Zm00001d047190,Zm00001d047189
Zm00001d047192,Zm00001d047194
Zm00001d047199,Zm00001d047200
Zm00001d045089,Zm00001d045090
Zm00001d047211,Zm00001d047212,Zm00001d047210
Zm00001d045092,Zm00001d045091
Zm00001d047235,Zm00001d047223
Zm00001d047334,Zm00001d047330,Zm00001d047333
Zm00001d047355,Zm00001d047356
Zm00001d047392,Zm00001d047395
Zm00001d047404,Zm00001d047407
Zm00001d047405,Zm00001d047406,Zm00001d047408
Zm00001d047410,Zm00001d047411
Zm00001d047418,Zm00001d047417
Zm00001d047425,Zm00001d047424
Zm00001d047542,Zm00001d047548,Zm00001d047553
Zm00001d047543,Zm00001d047549
Zm00001d047625,Zm00001d047621
Zm00001d047639,Zm00001d047651,Zm00001d047656,Zm00001d047658
Zm00001d047647,Zm00001d047648,Zm00001d047654,Zm00001d047657
Zm00001d047737,Zm00001d047738
Zm00001d045141,Zm00001d045145
Zm00001d047762,Zm00001d047761
Zm00001d047781,Zm00001d047783,Zm00001d047785,Zm00001d047782,Zm00001d047784
Zm00001d047850,Zm00001d047851
Zm00001d047885,Zm00001d047886,Zm00001d047887,Zm00001d047884
Zm00001d047933,Zm00001d047934
Zm00001d047938,Zm00001d047939
Zm00001d045163,Zm00001d045169,Zm00001d045159
Zm00001d048009,Zm00001d048010
Zm00001d045164,Zm00001d045158,Zm00001d045157
Zm00001d048034,Zm00001d048035
Zm00001d048054,Zm00001d048053
Zm00001d048093,Zm00001d048094
Zm00001d048122,Zm00001d048123
Zm00001d048136,Zm00001d048135
Zm00001d048139,Zm00001d048140
Zm00001d048151,Zm00001d048152
Zm00001d048159,Zm00001d048157,Zm00001d048158
Zm00001d048166,Zm00001d048169
Zm00001d048189,Zm00001d048187
Zm00001d048191,Zm00001d048192
Zm00001d048207,Zm00001d048205
Zm00001d048222,Zm00001d048223
Zm00001d048252,Zm00001d048255
Zm00001d048256,Zm00001d048253
Zm00001d048266,Zm00001d048267
Zm00001d048268,Zm00001d048263
Zm00001d048289,Zm00001d048288
Zm00001d048297,Zm00001d048296
Zm00001d048303,Zm00001d048306
Zm00001d048319,Zm00001d048321
Zm00001d048329,Zm00001d048327
Zm00001d048345,Zm00001d048341,Zm00001d048342
Zm00001d048353,Zm00001d048354
Zm00001d048389,Zm00001d048387
Zm00001d048404,Zm00001d048400
Zm00001d048416,Zm00001d048417
Zm00001d045191,Zm00001d045190,Zm00001d045185,Zm00001d045184
Zm00001d048457,Zm00001d048456
Zm00001d048492,Zm00001d048484
Zm00001d048494,Zm00001d048495
Zm00001d048559,Zm00001d048560,Zm00001d048558
Zm00001d048570,Zm00001d048573
Zm00001d048575,Zm00001d048576
Zm00001d045228,Zm00001d045221,Zm00001d045226
Zm00001d045231,Zm00001d045227
Zm00001d045238,Zm00001d045240
Zm00001d045256,Zm00001d045257,Zm00001d045260,Zm00001d045247,Zm00001d045258,Zm00001d045235,Zm00001d045244
Zm00001d045269,Zm00001d045279
Zm00001d045274,Zm00001d045277,Zm00001d045272
Zm00001d045276,Zm00001d045271
Zm00001d045298,Zm00001d045302
Zm00001d045299,Zm00001d045300
Zm00001d044765,Zm00001d044763,Zm00001d044762
Zm00001d045313,Zm00001d045312
Zm00001d045314,Zm00001d045312
Zm00001d045340,Zm00001d045327,Zm00001d045350,Zm00001d045347,Zm00001d045341,Zm00001d045344,Zm00001d045342
Zm00001d045348,Zm00001d045342
Zm00001d045369,Zm00001d045370,Zm00001d045360,Zm00001d045361
Zm00001d045374,Zm00001d045375
Zm00001d045392,Zm00001d045391,Zm00001d045390
Zm00001d045397,Zm00001d045402
Zm00001d045398,Zm00001d045400
Zm00001d044775,Zm00001d044776
Zm00001d045414,Zm00001d045408,Zm00001d045412,Zm00001d045406,Zm00001d045410
Zm00001d045454,Zm00001d045456
Zm00001d045459,Zm00001d045460
Zm00001d045466,Zm00001d045465
Zm00001d045474,Zm00001d045473
Zm00001d044795,Zm00001d044790
Zm00001d045529,Zm00001d045526
Zm00001d045564,Zm00001d045565
Zm00001d045567,Zm00001d045572
Zm00001d045574,Zm00001d045573,Zm00001d045575
Zm00001d045576,Zm00001d045582
Zm00001d045577,Zm00001d045578
Zm00001d045605,Zm00001d045604
Zm00001d045624,Zm00001d045622
Zm00001d045631,Zm00001d045629
Zm00001d045668,Zm00001d045669
Zm00001d045712,Zm00001d045708,Zm00001d045711,Zm00001d045713,Zm00001d045709
Zm00001d045721,Zm00001d045722,Zm00001d045720
Zm00001d045728,Zm00001d045729
Zm00001d045747,Zm00001d045746
Zm00001d045774,Zm00001d045778
Zm00001d045836,Zm00001d045842,Zm00001d045843,Zm00001d045831,Zm00001d045849,Zm00001d045863,Zm00001d045855,Zm00001d045852
Zm00001d045839,Zm00001d045838
Zm00001d045846,Zm00001d045845
Zm00001d045875,Zm00001d045877
Zm00001d045890,Zm00001d045891,Zm00001d045892
Zm00001d045940,Zm00001d045941
Zm00001d045950,Zm00001d045945
Zm00001d045962,Zm00001d045963
Zm00001d045996,Zm00001d045999
Zm00001d046000,Zm00001d045997
Zm00001d046005,Zm00001d046004
Zm00001d046039,Zm00001d046041
Zm00001d046053,Zm00001d046054
Zm00001d046091,Zm00001d046093
Zm00001d044730,Zm00001d044732
Zm00001d044884,Zm00001d044889
Zm00001d046142,Zm00001d046148,Zm00001d046143,Zm00001d046154,Zm00001d046145,Zm00001d046152,Zm00001d046147,Zm00001d046156,Zm00001d046151
Zm00001d044897,Zm00001d044896
Zm00001d046153,Zm00001d046166
Zm00001d044907,Zm00001d044916
Zm00001d044908,Zm00001d044906
Zm00001d046186,Zm00001d046184,Zm00001d046187
Zm00001d044921,Zm00001d044920
Zm00001d046225,Zm00001d046226
Zm00001d046243,Zm00001d046242
Zm00001d044935,Zm00001d044934,Zm00001d044936,Zm00001d044933,Zm00001d044937
Zm00001d046272,Zm00001d046273
Zm00001d046283,Zm00001d046284
Zm00001d046314,Zm00001d046315,Zm00001d046316
Zm00001d046318,Zm00001d046322,Zm00001d046319
Zm00001d046344,Zm00001d046342
Zm00001d044957,Zm00001d044958
Zm00001d044967,Zm00001d044966
Zm00001d046369,Zm00001d046377
Zm00001d046479,Zm00001d046473,Zm00001d046460,Zm00001d046466
Zm00001d046488,Zm00001d046485
Zm00001d046490,Zm00001d046491
Zm00001d046492,Zm00001d046493
Zm00001d046501,Zm00001d046494
Zm00001d046517,Zm00001d046519,Zm00001d046518
Zm00001d044999,Zm00001d044996
Zm00001d046602,Zm00001d046603
Zm00001d046604,Zm00001d046610
Zm00001d000071,Zm00001d000072
Zm00001d000448,Zm00001d000449
Zm00001d000377,Zm00001d000373,Zm00001d000371
Zm00001d000020,Zm00001d000016
Zm00001d000006,Zm00001d000017,Zm00001d000008,Zm00001d000018,Zm00001d000012
Zm00001d000195,Zm00001d000196
Zm00001d000041,Zm00001d000040
Zm00001d000363,Zm00001d000365
Zm00001d000366,Zm00001d000364
Zm00001d000398,Zm00001d000397
Zm00001d000349,Zm00001d000350
Zm00001d000313,Zm00001d000312
Zm00001d000231,Zm00001d000232
GRMZM5G898772,GRMZM5G816274
GRMZM5G861791,GRMZM5G877040,GRMZM5G881135
GRMZM5G827951,GRMZM5G861353
GRMZM5G806488,GRMZM5G844628
GRMZM5G810298,GRMZM5G876106
GRMZM5G885905,GRMZM5G872747
GRMZM5G892247,GRMZM5G877454,GRMZM5G899366
GRMZM5G879235,GRMZM5G858556,GRMZM5G830210
